category_id,constructor,module,source_line,source,source_url,bases,role,implementation_kind,defining_relation,direct_defining_axiom,syntactic_defining_axiom_chain,defining_functorial_construction,bound_as,local_axiom_paths,local_functorial_construction_paths,other_local_category_paths,notes
examples.semigroups_cython.IdempotentSemigroups,IdempotentSemigroups,examples/semigroups_cython,13,src/sage/categories/examples/semigroups_cython.pyx:13,https://github.com/sagemath/sage/blob/686dc1a8d420c2e0aabadd4f602d9a0aa4690c50/src/sage/categories/examples/semigroups_cython.pyx#L13,Category,example-only category class,Cython class,supercategory Semigroups(),,,,,,,,Demonstration category used by the Cython semigroup example.
category_types.AbelianCategory,AbelianCategory,category_types,334,src/sage/categories/category_types.py:334,https://github.com/sagemath/sage/blob/686dc1a8d420c2e0aabadd4f602d9a0aa4690c50/src/sage/categories/category_types.py#L334,Category,framework/helper category class,Python class,,,,,,,,,
algebra_functor.AlgebrasCategory,AlgebrasCategory,algebra_functor,640,src/sage/categories/algebra_functor.py:640,https://github.com/sagemath/sage/blob/686dc1a8d420c2e0aabadd4f602d9a0aa4690c50/src/sage/categories/algebra_functor.py#L640,"CovariantConstructionCategory, Category_over_base_ring",framework/helper category class,Python class,,,,,,,,,
cartesian_product.CartesianProductsCategory,CartesianProductsCategory,cartesian_product,225,src/sage/categories/cartesian_product.py:225,https://github.com/sagemath/sage/blob/686dc1a8d420c2e0aabadd4f602d9a0aa4690c50/src/sage/categories/cartesian_product.py#L225,CovariantConstructionCategory,framework/helper category class,Python class,,,,,,,CartesianProducts,,
category.Category,Category,category,131,src/sage/categories/category.py:131,https://github.com/sagemath/sage/blob/686dc1a8d420c2e0aabadd4f602d9a0aa4690c50/src/sage/categories/category.py#L131,"UniqueRepresentation, SageObject",framework/helper category class,Python class,,,,,,,Realizations; WithRealizations,,
category_types.Category_ideal,Category_ideal,category_types,579,src/sage/categories/category_types.py:579,https://github.com/sagemath/sage/blob/686dc1a8d420c2e0aabadd4f602d9a0aa4690c50/src/sage/categories/category_types.py#L579,Category_in_ambient,framework/helper category class,Python class,,,,,,,,,
category_types.Category_in_ambient,Category_in_ambient,category_types,534,src/sage/categories/category_types.py:534,https://github.com/sagemath/sage/blob/686dc1a8d420c2e0aabadd4f602d9a0aa4690c50/src/sage/categories/category_types.py#L534,Category,framework/helper category class,Python class,,,,,,,,,
category_types.Category_module,Category_module,category_types,575,src/sage/categories/category_types.py:575,https://github.com/sagemath/sage/blob/686dc1a8d420c2e0aabadd4f602d9a0aa4690c50/src/sage/categories/category_types.py#L575,"AbelianCategory, Category_over_base_ring",framework/helper category class,Python class,,,,,,,,,
category_types.Category_over_base,Category_over_base,category_types,147,src/sage/categories/category_types.py:147,https://github.com/sagemath/sage/blob/686dc1a8d420c2e0aabadd4f602d9a0aa4690c50/src/sage/categories/category_types.py#L147,CategoryWithParameters,framework/helper category class,Python class,,,,,,,,,
category_types.Category_over_base_ring,Category_over_base_ring,category_types,347,src/sage/categories/category_types.py:347,https://github.com/sagemath/sage/blob/686dc1a8d420c2e0aabadd4f602d9a0aa4690c50/src/sage/categories/category_types.py#L347,Category_over_base,framework/helper category class,Python class,,,,,,,,,
realizations.Category_realization_of_parent,Category_realization_of_parent,realizations,110,src/sage/categories/realizations.py:110,https://github.com/sagemath/sage/blob/686dc1a8d420c2e0aabadd4f602d9a0aa4690c50/src/sage/categories/realizations.py#L110,"Category_over_base, BindableClass",framework/helper category class,Python class,,,,,,,,,
category_singleton.Category_singleton,Category_singleton,category_singleton,83,src/sage/categories/category_singleton.pyx:83,https://github.com/sagemath/sage/blob/686dc1a8d420c2e0aabadd4f602d9a0aa4690c50/src/sage/categories/category_singleton.pyx#L83,Category,framework/helper category class,Cython class,,,,,,,,,Technical singleton-category base class defined in category_singleton.pyx.
category_with_axiom.CategoryWithAxiom,CategoryWithAxiom,category_with_axiom,1864,src/sage/categories/category_with_axiom.py:1864,https://github.com/sagemath/sage/blob/686dc1a8d420c2e0aabadd4f602d9a0aa4690c50/src/sage/categories/category_with_axiom.py#L1864,Category,framework/helper category class,Python class,,,,,,,,,
category_with_axiom.CategoryWithAxiom_over_base_ring,CategoryWithAxiom_over_base_ring,category_with_axiom,2506,src/sage/categories/category_with_axiom.py:2506,https://github.com/sagemath/sage/blob/686dc1a8d420c2e0aabadd4f602d9a0aa4690c50/src/sage/categories/category_with_axiom.py#L2506,"CategoryWithAxiom, Category_over_base_ring",framework/helper category class,Python class,,,,,,,,,
category_with_axiom.CategoryWithAxiom_singleton,CategoryWithAxiom_singleton,category_with_axiom,2530,src/sage/categories/category_with_axiom.py:2530,https://github.com/sagemath/sage/blob/686dc1a8d420c2e0aabadd4f602d9a0aa4690c50/src/sage/categories/category_with_axiom.py#L2530,"Category_singleton, CategoryWithAxiom",framework/helper category class,Python class,,,,,,,,,
category.CategoryWithParameters,CategoryWithParameters,category,2691,src/sage/categories/category.py:2691,https://github.com/sagemath/sage/blob/686dc1a8d420c2e0aabadd4f602d9a0aa4690c50/src/sage/categories/category.py#L2691,Category,framework/helper category class,Python class,,,,,,,,,
covariant_functorial_construction.CovariantConstructionCategory,CovariantConstructionCategory,covariant_functorial_construction,513,src/sage/categories/covariant_functorial_construction.py:513,https://github.com/sagemath/sage/blob/686dc1a8d420c2e0aabadd4f602d9a0aa4690c50/src/sage/categories/covariant_functorial_construction.py#L513,FunctorialConstructionCategory,framework/helper category class,Python class,,,,,,,,,
dual.DualObjectsCategory,DualObjectsCategory,dual,29,src/sage/categories/dual.py:29,https://github.com/sagemath/sage/blob/686dc1a8d420c2e0aabadd4f602d9a0aa4690c50/src/sage/categories/dual.py#L29,CovariantConstructionCategory,framework/helper category class,Python class,,,,,,,,,
category_types.Elements,Elements,category_types,36,src/sage/categories/category_types.py:36,https://github.com/sagemath/sage/blob/686dc1a8d420c2e0aabadd4f602d9a0aa4690c50/src/sage/categories/category_types.py#L36,Category,framework/helper category class,Python class,,,,,,,,,
filtered_modules.FilteredModulesCategory,FilteredModulesCategory,filtered_modules,37,src/sage/categories/filtered_modules.py:37,https://github.com/sagemath/sage/blob/686dc1a8d420c2e0aabadd4f602d9a0aa4690c50/src/sage/categories/filtered_modules.py#L37,"RegressiveCovariantConstructionCategory, Category_over_base_ring",framework/helper category class,Python class,,,,,,,,,
covariant_functorial_construction.FunctorialConstructionCategory,FunctorialConstructionCategory,covariant_functorial_construction,230,src/sage/categories/covariant_functorial_construction.py:230,https://github.com/sagemath/sage/blob/686dc1a8d420c2e0aabadd4f602d9a0aa4690c50/src/sage/categories/covariant_functorial_construction.py#L230,Category,framework/helper category class,Python class,,,,,,,,,
graded_lie_conformal_algebras.GradedLieConformalAlgebrasCategory,GradedLieConformalAlgebrasCategory,graded_lie_conformal_algebras,23,src/sage/categories/graded_lie_conformal_algebras.py:23,https://github.com/sagemath/sage/blob/686dc1a8d420c2e0aabadd4f602d9a0aa4690c50/src/sage/categories/graded_lie_conformal_algebras.py#L23,GradedModulesCategory,framework/helper category class,Python class,generic base category.Graded(),,,Graded,,,Super,,
graded_modules.GradedModulesCategory,GradedModulesCategory,graded_modules,17,src/sage/categories/graded_modules.py:17,https://github.com/sagemath/sage/blob/686dc1a8d420c2e0aabadd4f602d9a0aa4690c50/src/sage/categories/graded_modules.py#L17,"RegressiveCovariantConstructionCategory, Category_over_base_ring",framework/helper category class,Python class,,,,,,,,,
homsets.HomsetsCategory,HomsetsCategory,homsets,18,src/sage/categories/homsets.py:18,https://github.com/sagemath/sage/blob/686dc1a8d420c2e0aabadd4f602d9a0aa4690c50/src/sage/categories/homsets.py#L18,"FunctorialConstructionCategory, CategoryWithParameters",framework/helper category class,Python class,,,,,,,,,
homsets.HomsetsOf,HomsetsOf,homsets,172,src/sage/categories/homsets.py:172,https://github.com/sagemath/sage/blob/686dc1a8d420c2e0aabadd4f602d9a0aa4690c50/src/sage/categories/homsets.py#L172,HomsetsCategory,framework/helper category class,Python class,generic base category.Homsets(),,,Homsets,,,,,
isomorphic_objects.IsomorphicObjectsCategory,IsomorphicObjectsCategory,isomorphic_objects,19,src/sage/categories/isomorphic_objects.py:19,https://github.com/sagemath/sage/blob/686dc1a8d420c2e0aabadd4f602d9a0aa4690c50/src/sage/categories/isomorphic_objects.py#L19,RegressiveCovariantConstructionCategory,framework/helper category class,Python class,,,,,,,,,
category.JoinCategory,JoinCategory,category,2978,src/sage/categories/category.py:2978,https://github.com/sagemath/sage/blob/686dc1a8d420c2e0aabadd4f602d9a0aa4690c50/src/sage/categories/category.py#L2978,CategoryWithParameters,framework/helper category class,Python class,,,,,,,,,
metric_spaces.MetricSpacesCategory,MetricSpacesCategory,metric_spaces,20,src/sage/categories/metric_spaces.py:20,https://github.com/sagemath/sage/blob/686dc1a8d420c2e0aabadd4f602d9a0aa4690c50/src/sage/categories/metric_spaces.py#L20,RegressiveCovariantConstructionCategory,framework/helper category class,Python class,,,,,,,,,
quotients.QuotientsCategory,QuotientsCategory,quotients,19,src/sage/categories/quotients.py:19,https://github.com/sagemath/sage/blob/686dc1a8d420c2e0aabadd4f602d9a0aa4690c50/src/sage/categories/quotients.py#L19,RegressiveCovariantConstructionCategory,framework/helper category class,Python class,,,,,,,,,
realizations.RealizationsCategory,RealizationsCategory,realizations,25,src/sage/categories/realizations.py:25,https://github.com/sagemath/sage/blob/686dc1a8d420c2e0aabadd4f602d9a0aa4690c50/src/sage/categories/realizations.py#L25,RegressiveCovariantConstructionCategory,framework/helper category class,Python class,,,,,,,,,
covariant_functorial_construction.RegressiveCovariantConstructionCategory,RegressiveCovariantConstructionCategory,covariant_functorial_construction,658,src/sage/categories/covariant_functorial_construction.py:658,https://github.com/sagemath/sage/blob/686dc1a8d420c2e0aabadd4f602d9a0aa4690c50/src/sage/categories/covariant_functorial_construction.py#L658,CovariantConstructionCategory,framework/helper category class,Python class,,,,,,,,,
schemes.Schemes_over_base,Schemes_over_base,schemes,159,src/sage/categories/schemes.py:159,https://github.com/sagemath/sage/blob/686dc1a8d420c2e0aabadd4f602d9a0aa4690c50/src/sage/categories/schemes.py#L159,Category_over_base,framework/helper category class,Python class,,,,,,,,,
signed_tensor.SignedTensorProductsCategory,SignedTensorProductsCategory,signed_tensor,76,src/sage/categories/signed_tensor.py:76,https://github.com/sagemath/sage/blob/686dc1a8d420c2e0aabadd4f602d9a0aa4690c50/src/sage/categories/signed_tensor.py#L76,CovariantConstructionCategory,framework/helper category class,Python class,,,,,,,SignedTensorProducts,,
subobjects.SubobjectsCategory,SubobjectsCategory,subobjects,19,src/sage/categories/subobjects.py:19,https://github.com/sagemath/sage/blob/686dc1a8d420c2e0aabadd4f602d9a0aa4690c50/src/sage/categories/subobjects.py#L19,RegressiveCovariantConstructionCategory,framework/helper category class,Python class,,,,,,,,,
subquotients.SubquotientsCategory,SubquotientsCategory,subquotients,18,src/sage/categories/subquotients.py:18,https://github.com/sagemath/sage/blob/686dc1a8d420c2e0aabadd4f602d9a0aa4690c50/src/sage/categories/subquotients.py#L18,RegressiveCovariantConstructionCategory,framework/helper category class,Python class,,,,,,,,,
super_modules.SuperModulesCategory,SuperModulesCategory,super_modules,27,src/sage/categories/super_modules.py:27,https://github.com/sagemath/sage/blob/686dc1a8d420c2e0aabadd4f602d9a0aa4690c50/src/sage/categories/super_modules.py#L27,"CovariantConstructionCategory, Category_over_base_ring",framework/helper category class,Python class,,,,,,,,,
tensor.TensorProductsCategory,TensorProductsCategory,tensor,69,src/sage/categories/tensor.py:69,https://github.com/sagemath/sage/blob/686dc1a8d420c2e0aabadd4f602d9a0aa4690c50/src/sage/categories/tensor.py#L69,CovariantConstructionCategory,framework/helper category class,Python class,,,,,,,TensorProducts,,
topological_spaces.TopologicalSpacesCategory,TopologicalSpacesCategory,topological_spaces,18,src/sage/categories/topological_spaces.py:18,https://github.com/sagemath/sage/blob/686dc1a8d420c2e0aabadd4f602d9a0aa4690c50/src/sage/categories/topological_spaces.py#L18,RegressiveCovariantConstructionCategory,framework/helper category class,Python class,,,,,,,,,
with_realizations.WithRealizationsCategory,WithRealizationsCategory,with_realizations,287,src/sage/categories/with_realizations.py:287,https://github.com/sagemath/sage/blob/686dc1a8d420c2e0aabadd4f602d9a0aa4690c50/src/sage/categories/with_realizations.py#L287,RegressiveCovariantConstructionCategory,framework/helper category class,Python class,,,,,,,,,
finite_dimensional_bialgebras_with_basis.FiniteDimensionalBialgebrasWithBasis,FiniteDimensionalBialgebrasWithBasis(base_ring),finite_dimensional_bialgebras_with_basis,13,src/sage/categories/finite_dimensional_bialgebras_with_basis.py:13,https://github.com/sagemath/sage/blob/686dc1a8d420c2e0aabadd4f602d9a0aa4690c50/src/sage/categories/finite_dimensional_bialgebras_with_basis.py#L13,,public category-valued wrapper constructor,Python function,BialgebrasWithBasis(base_ring).FiniteDimensional(),FiniteDimensional,FiniteDimensional,,,,,,Returns a dynamically constructed category rather than an instance of a dedicated class.
finite_dimensional_coalgebras_with_basis.FiniteDimensionalCoalgebrasWithBasis,FiniteDimensionalCoalgebrasWithBasis(base_ring),finite_dimensional_coalgebras_with_basis,13,src/sage/categories/finite_dimensional_coalgebras_with_basis.py:13,https://github.com/sagemath/sage/blob/686dc1a8d420c2e0aabadd4f602d9a0aa4690c50/src/sage/categories/finite_dimensional_coalgebras_with_basis.py#L13,,public category-valued wrapper constructor,Python function,CoalgebrasWithBasis(base_ring).FiniteDimensional(),FiniteDimensional,FiniteDimensional,,,,,,Returns a dynamically constructed category rather than an instance of a dedicated class.
graded_bialgebras.GradedBialgebras,GradedBialgebras(base_ring),graded_bialgebras,13,src/sage/categories/graded_bialgebras.py:13,https://github.com/sagemath/sage/blob/686dc1a8d420c2e0aabadd4f602d9a0aa4690c50/src/sage/categories/graded_bialgebras.py#L13,,public category-valued wrapper constructor,Python function,Bialgebras(base_ring).Graded(),,,Graded,,,,,Returns a dynamically constructed category rather than an instance of a dedicated class.
graded_bialgebras_with_basis.GradedBialgebrasWithBasis,GradedBialgebrasWithBasis(base_ring),graded_bialgebras_with_basis,13,src/sage/categories/graded_bialgebras_with_basis.py:13,https://github.com/sagemath/sage/blob/686dc1a8d420c2e0aabadd4f602d9a0aa4690c50/src/sage/categories/graded_bialgebras_with_basis.py#L13,,public category-valued wrapper constructor,Python function,BialgebrasWithBasis(base_ring).Graded(),,,Graded,,,,,Returns a dynamically constructed category rather than an instance of a dedicated class.
graded_hopf_algebras.GradedHopfAlgebras,GradedHopfAlgebras(base_ring),graded_hopf_algebras,13,src/sage/categories/graded_hopf_algebras.py:13,https://github.com/sagemath/sage/blob/686dc1a8d420c2e0aabadd4f602d9a0aa4690c50/src/sage/categories/graded_hopf_algebras.py#L13,,public category-valued wrapper constructor,Python function,HopfAlgebras(base_ring).Graded(),,,Graded,,,,,Returns a dynamically constructed category rather than an instance of a dedicated class.
monoid_algebras.MonoidAlgebras,MonoidAlgebras(base_ring),monoid_algebras,14,src/sage/categories/monoid_algebras.py:14,https://github.com/sagemath/sage/blob/686dc1a8d420c2e0aabadd4f602d9a0aa4690c50/src/sage/categories/monoid_algebras.py#L14,,public category-valued wrapper constructor,Python function,Monoids().Algebras(base_ring),,,,,,,,Returns a dynamically constructed category rather than an instance of a dedicated class.
schemes.AbelianVarieties,AbelianVarieties,schemes,205,src/sage/categories/schemes.py:205,https://github.com/sagemath/sage/blob/686dc1a8d420c2e0aabadd4f602d9a0aa4690c50/src/sage/categories/schemes.py#L205,Schemes_over_base,public named category class,Python class,,,,,,Homsets.Endset,Homsets,,
additive_groups.AdditiveGroups,AdditiveGroups,additive_groups,19,src/sage/categories/additive_groups.py:19,https://github.com/sagemath/sage/blob/686dc1a8d420c2e0aabadd4f602d9a0aa4690c50/src/sage/categories/additive_groups.py#L19,CategoryWithAxiom_singleton,public named category class,Python class,AdditiveMonoids + axiom AdditiveInverse,AdditiveInverse,AdditiveAssociative; AdditiveUnital; AdditiveInverse,,AdditiveMonoids.AdditiveInverse,AdditiveCommutative; Finite,Algebras; Finite.Algebras,,
additive_magmas.AdditiveMagmas,AdditiveMagmas,additive_magmas,25,src/sage/categories/additive_magmas.py:25,https://github.com/sagemath/sage/blob/686dc1a8d420c2e0aabadd4f602d9a0aa4690c50/src/sage/categories/additive_magmas.py#L25,Category_singleton,public named category class,Python class,,,,,,AdditiveAssociative; AdditiveCommutative; AdditiveUnital; AdditiveUnital.AdditiveInverse,Algebras; CartesianProducts; Homsets; AdditiveCommutative.Algebras; AdditiveCommutative.CartesianProducts; AdditiveUnital.Algebras; AdditiveUnital.CartesianProducts; AdditiveUnital.Homsets; AdditiveUnital.WithRealizations; AdditiveUnital.AdditiveInverse.CartesianProducts,,
additive_monoids.AdditiveMonoids,AdditiveMonoids,additive_monoids,17,src/sage/categories/additive_monoids.py:17,https://github.com/sagemath/sage/blob/686dc1a8d420c2e0aabadd4f602d9a0aa4690c50/src/sage/categories/additive_monoids.py#L17,CategoryWithAxiom_singleton,public named category class,Python class,AdditiveSemigroups + axiom AdditiveUnital,AdditiveUnital,AdditiveAssociative; AdditiveUnital,,AdditiveSemigroups.AdditiveUnital,AdditiveCommutative; AdditiveInverse,Homsets,,
additive_semigroups.AdditiveSemigroups,AdditiveSemigroups,additive_semigroups,20,src/sage/categories/additive_semigroups.py:20,https://github.com/sagemath/sage/blob/686dc1a8d420c2e0aabadd4f602d9a0aa4690c50/src/sage/categories/additive_semigroups.py#L20,CategoryWithAxiom_singleton,public named category class,Python class,AdditiveMagmas + axiom AdditiveAssociative,AdditiveAssociative,AdditiveAssociative,,AdditiveMagmas.AdditiveAssociative,AdditiveCommutative; AdditiveUnital,Algebras; CartesianProducts; Homsets,,
affine_weyl_groups.AffineWeylGroups,AffineWeylGroups,affine_weyl_groups,17,src/sage/categories/affine_weyl_groups.py:17,https://github.com/sagemath/sage/blob/686dc1a8d420c2e0aabadd4f602d9a0aa4690c50/src/sage/categories/affine_weyl_groups.py#L17,Category_singleton,public named category class,Python class,,,,,,,,,
algebra_ideals.AlgebraIdeals,AlgebraIdeals,algebra_ideals,19,src/sage/categories/algebra_ideals.py:19,https://github.com/sagemath/sage/blob/686dc1a8d420c2e0aabadd4f602d9a0aa4690c50/src/sage/categories/algebra_ideals.py#L19,Category_ideal,public named category class,Python class,,,,,,,,,
algebra_modules.AlgebraModules,AlgebraModules,algebra_modules,19,src/sage/categories/algebra_modules.py:19,https://github.com/sagemath/sage/blob/686dc1a8d420c2e0aabadd4f602d9a0aa4690c50/src/sage/categories/algebra_modules.py#L19,Category_module,public named category class,Python class,,,,,,,,,
algebras.Algebras,Algebras,algebras,29,src/sage/categories/algebras.py:29,https://github.com/sagemath/sage/blob/686dc1a8d420c2e0aabadd4f602d9a0aa4690c50/src/sage/categories/algebras.py#L29,CategoryWithAxiom_over_base_ring,public named category class,Python class,AssociativeAlgebras + axiom Unital,Unital,Associative; Unital,,AssociativeAlgebras.Unital,Commutative; Supercommutative; WithBasis,CartesianProducts; DualObjects; Filtered; Graded; Quotients; Super; TensorProducts,Semisimple,
algebras_with_basis.AlgebrasWithBasis,AlgebrasWithBasis,algebras_with_basis,21,src/sage/categories/algebras_with_basis.py:21,https://github.com/sagemath/sage/blob/686dc1a8d420c2e0aabadd4f602d9a0aa4690c50/src/sage/categories/algebras_with_basis.py#L21,CategoryWithAxiom_over_base_ring,public named category class,Python class,Algebras + axiom WithBasis,WithBasis,Associative; Unital; WithBasis,,Algebras.WithBasis,FiniteDimensional,CartesianProducts; Filtered; Graded; Super; TensorProducts,,
aperiodic_semigroups.AperiodicSemigroups,AperiodicSemigroups,aperiodic_semigroups,18,src/sage/categories/aperiodic_semigroups.py:18,https://github.com/sagemath/sage/blob/686dc1a8d420c2e0aabadd4f602d9a0aa4690c50/src/sage/categories/aperiodic_semigroups.py#L18,CategoryWithAxiom,public named category class,Python class,Semigroups + axiom Aperiodic,Aperiodic,Associative; Aperiodic,,Semigroups.Aperiodic,,,,
associative_algebras.AssociativeAlgebras,AssociativeAlgebras,associative_algebras,16,src/sage/categories/associative_algebras.py:16,https://github.com/sagemath/sage/blob/686dc1a8d420c2e0aabadd4f602d9a0aa4690c50/src/sage/categories/associative_algebras.py#L16,CategoryWithAxiom_over_base_ring,public named category class,Python class,MagmaticAlgebras + axiom Associative,Associative,Associative,,MagmaticAlgebras.Associative,Unital,,,
bialgebras.Bialgebras,Bialgebras,bialgebras,20,src/sage/categories/bialgebras.py:20,https://github.com/sagemath/sage/blob/686dc1a8d420c2e0aabadd4f602d9a0aa4690c50/src/sage/categories/bialgebras.py#L20,Category_over_base_ring,public named category class,Python class,,,,,,WithBasis,Super,,
bialgebras_with_basis.BialgebrasWithBasis,BialgebrasWithBasis,bialgebras_with_basis,16,src/sage/categories/bialgebras_with_basis.py:16,https://github.com/sagemath/sage/blob/686dc1a8d420c2e0aabadd4f602d9a0aa4690c50/src/sage/categories/bialgebras_with_basis.py#L16,CategoryWithAxiom_over_base_ring,public named category class,Python class,Bialgebras + axiom WithBasis,WithBasis,WithBasis,,Bialgebras.WithBasis,,,,
bimodules.Bimodules,Bimodules,bimodules,24,src/sage/categories/bimodules.py:24,https://github.com/sagemath/sage/blob/686dc1a8d420c2e0aabadd4f602d9a0aa4690c50/src/sage/categories/bimodules.py#L24,CategoryWithParameters,public named category class,Python class,,,,,,,,,
chain_complexes.ChainComplexes,ChainComplexes,chain_complexes,25,src/sage/categories/chain_complexes.py:25,https://github.com/sagemath/sage/blob/686dc1a8d420c2e0aabadd4f602d9a0aa4690c50/src/sage/categories/chain_complexes.py#L25,Category_module,public named category class,Python class,,,,,,,,,
classical_crystals.ClassicalCrystals,ClassicalCrystals,classical_crystals,21,src/sage/categories/classical_crystals.py:21,https://github.com/sagemath/sage/blob/686dc1a8d420c2e0aabadd4f602d9a0aa4690c50/src/sage/categories/classical_crystals.py#L21,Category_singleton,public named category class,Python class,,,,,,,TensorProducts,,
coalgebras.Coalgebras,Coalgebras,coalgebras,27,src/sage/categories/coalgebras.py:27,https://github.com/sagemath/sage/blob/686dc1a8d420c2e0aabadd4f602d9a0aa4690c50/src/sage/categories/coalgebras.py#L27,Category_over_base_ring,public named category class,Python class,,,,,,Cocommutative; WithBasis; Super.Supercocommutative,DualObjects; Filtered; Graded; Realizations; Super; TensorProducts; WithRealizations,,
coalgebras_with_basis.CoalgebrasWithBasis,CoalgebrasWithBasis,coalgebras_with_basis,23,src/sage/categories/coalgebras_with_basis.py:23,https://github.com/sagemath/sage/blob/686dc1a8d420c2e0aabadd4f602d9a0aa4690c50/src/sage/categories/coalgebras_with_basis.py#L23,CategoryWithAxiom_over_base_ring,public named category class,Python class,Coalgebras + axiom WithBasis,WithBasis,WithBasis,,Coalgebras.WithBasis,,Filtered; Graded; Super,,
commutative_additive_groups.CommutativeAdditiveGroups,CommutativeAdditiveGroups,commutative_additive_groups,18,src/sage/categories/commutative_additive_groups.py:18,https://github.com/sagemath/sage/blob/686dc1a8d420c2e0aabadd4f602d9a0aa4690c50/src/sage/categories/commutative_additive_groups.py#L18,"CategoryWithAxiom, AbelianCategory",public named category class,Python class,AdditiveGroups + axiom AdditiveCommutative,AdditiveCommutative,AdditiveAssociative; AdditiveUnital; AdditiveInverse; AdditiveCommutative,,AdditiveGroups.AdditiveCommutative,,Algebras; CartesianProducts,,
commutative_additive_monoids.CommutativeAdditiveMonoids,CommutativeAdditiveMonoids,commutative_additive_monoids,16,src/sage/categories/commutative_additive_monoids.py:16,https://github.com/sagemath/sage/blob/686dc1a8d420c2e0aabadd4f602d9a0aa4690c50/src/sage/categories/commutative_additive_monoids.py#L16,CategoryWithAxiom,public named category class,Python class,AdditiveMonoids + axiom AdditiveCommutative,AdditiveCommutative,AdditiveAssociative; AdditiveUnital; AdditiveCommutative,,AdditiveMonoids.AdditiveCommutative,,,,
commutative_additive_semigroups.CommutativeAdditiveSemigroups,CommutativeAdditiveSemigroups,commutative_additive_semigroups,15,src/sage/categories/commutative_additive_semigroups.py:15,https://github.com/sagemath/sage/blob/686dc1a8d420c2e0aabadd4f602d9a0aa4690c50/src/sage/categories/commutative_additive_semigroups.py#L15,CategoryWithAxiom,public named category class,Python class,AdditiveSemigroups + axiom AdditiveCommutative,AdditiveCommutative,AdditiveAssociative; AdditiveCommutative,,AdditiveSemigroups.AdditiveCommutative,,,,
commutative_algebra_ideals.CommutativeAlgebraIdeals,CommutativeAlgebraIdeals,commutative_algebra_ideals,19,src/sage/categories/commutative_algebra_ideals.py:19,https://github.com/sagemath/sage/blob/686dc1a8d420c2e0aabadd4f602d9a0aa4690c50/src/sage/categories/commutative_algebra_ideals.py#L19,Category_ideal,public named category class,Python class,,,,,,,,,
commutative_algebras.CommutativeAlgebras,CommutativeAlgebras,commutative_algebras,20,src/sage/categories/commutative_algebras.py:20,https://github.com/sagemath/sage/blob/686dc1a8d420c2e0aabadd4f602d9a0aa4690c50/src/sage/categories/commutative_algebras.py#L20,CategoryWithAxiom_over_base_ring,public named category class,Python class,Algebras + axiom Commutative,Commutative,Associative; Unital; Commutative,,Algebras.Commutative,,TensorProducts,,
commutative_ring_ideals.CommutativeRingIdeals,CommutativeRingIdeals,commutative_ring_ideals,18,src/sage/categories/commutative_ring_ideals.py:18,https://github.com/sagemath/sage/blob/686dc1a8d420c2e0aabadd4f602d9a0aa4690c50/src/sage/categories/commutative_ring_ideals.py#L18,Category_ideal,public named category class,Python class,,,,,,,,,
commutative_rings.CommutativeRings,CommutativeRings,commutative_rings,20,src/sage/categories/commutative_rings.py:20,https://github.com/sagemath/sage/blob/686dc1a8d420c2e0aabadd4f602d9a0aa4690c50/src/sage/categories/commutative_rings.py#L20,CategoryWithAxiom,public named category class,Python class,Rings + axiom Commutative,Commutative,Distributive; AdditiveAssociative; AdditiveCommutative; AdditiveUnital; Associative; AdditiveInverse; Unital; Commutative,,Rings.Commutative,Finite,CartesianProducts,,
complete_discrete_valuation.CompleteDiscreteValuationFields,CompleteDiscreteValuationFields,complete_discrete_valuation,175,src/sage/categories/complete_discrete_valuation.py:175,https://github.com/sagemath/sage/blob/686dc1a8d420c2e0aabadd4f602d9a0aa4690c50/src/sage/categories/complete_discrete_valuation.py#L175,Category_singleton,public named category class,Python class,,,,,,,,,
complete_discrete_valuation.CompleteDiscreteValuationRings,CompleteDiscreteValuationRings,complete_discrete_valuation,24,src/sage/categories/complete_discrete_valuation.py:24,https://github.com/sagemath/sage/blob/686dc1a8d420c2e0aabadd4f602d9a0aa4690c50/src/sage/categories/complete_discrete_valuation.py#L24,Category_singleton,public named category class,Python class,,,,,,,,,
manifolds.ComplexManifolds,ComplexManifolds,manifolds,335,src/sage/categories/manifolds.py:335,https://github.com/sagemath/sage/blob/686dc1a8d420c2e0aabadd4f602d9a0aa4690c50/src/sage/categories/manifolds.py#L335,Category_over_base_ring,public named category class,Python class,,,,,,,,,
complex_reflection_groups.ComplexReflectionGroups,ComplexReflectionGroups,complex_reflection_groups,20,src/sage/categories/complex_reflection_groups.py:20,https://github.com/sagemath/sage/blob/686dc1a8d420c2e0aabadd4f602d9a0aa4690c50/src/sage/categories/complex_reflection_groups.py#L20,Category_singleton,public named category class,Python class,,,,,,Finite,,,
complex_reflection_or_generalized_coxeter_groups.ComplexReflectionOrGeneralizedCoxeterGroups,ComplexReflectionOrGeneralizedCoxeterGroups,complex_reflection_or_generalized_coxeter_groups,23,src/sage/categories/complex_reflection_or_generalized_coxeter_groups.py:23,https://github.com/sagemath/sage/blob/686dc1a8d420c2e0aabadd4f602d9a0aa4690c50/src/sage/categories/complex_reflection_or_generalized_coxeter_groups.py#L23,Category_singleton,public named category class,Python class,,,,,,Irreducible,,,
coxeter_group_algebras.CoxeterGroupAlgebras,CoxeterGroupAlgebras,coxeter_group_algebras,10,src/sage/categories/coxeter_group_algebras.py:10,https://github.com/sagemath/sage/blob/686dc1a8d420c2e0aabadd4f602d9a0aa4690c50/src/sage/categories/coxeter_group_algebras.py#L10,AlgebrasCategory,public named category class,Python class,CoxeterGroups.Algebras(),,,Algebras,CoxeterGroups.Algebras,,,,
coxeter_groups.CoxeterGroups,CoxeterGroups,coxeter_groups,30,src/sage/categories/coxeter_groups.py:30,https://github.com/sagemath/sage/blob/686dc1a8d420c2e0aabadd4f602d9a0aa4690c50/src/sage/categories/coxeter_groups.py#L30,Category_singleton,public named category class,Python class,,,,,,Finite,Algebras,,
crystals.Crystals,Crystals,crystals,35,src/sage/categories/crystals.py:35,https://github.com/sagemath/sage/blob/686dc1a8d420c2e0aabadd4f602d9a0aa4690c50/src/sage/categories/crystals.py#L35,Category_singleton,public named category class,Python class,,,,,,Finite,TensorProducts,,
cw_complexes.CWComplexes,CWComplexes,cw_complexes,18,src/sage/categories/cw_complexes.py:18,https://github.com/sagemath/sage/blob/686dc1a8d420c2e0aabadd4f602d9a0aa4690c50/src/sage/categories/cw_complexes.py#L18,Category_singleton,public named category class,Python class,,,,,,Connected; Finite; FiniteDimensional,,,
dedekind_domains.DedekindDomains,DedekindDomains,dedekind_domains,14,src/sage/categories/dedekind_domains.py:14,https://github.com/sagemath/sage/blob/686dc1a8d420c2e0aabadd4f602d9a0aa4690c50/src/sage/categories/dedekind_domains.py#L14,Category,public named category class,Python class,,,,,,,,,
discrete_valuation.DiscreteValuationFields,DiscreteValuationFields,discrete_valuation,222,src/sage/categories/discrete_valuation.py:222,https://github.com/sagemath/sage/blob/686dc1a8d420c2e0aabadd4f602d9a0aa4690c50/src/sage/categories/discrete_valuation.py#L222,Category_singleton,public named category class,Python class,,,,,,,,,
discrete_valuation.DiscreteValuationRings,DiscreteValuationRings,discrete_valuation,18,src/sage/categories/discrete_valuation.py:18,https://github.com/sagemath/sage/blob/686dc1a8d420c2e0aabadd4f602d9a0aa4690c50/src/sage/categories/discrete_valuation.py#L18,Category_singleton,public named category class,Python class,,,,,,,,,
lattice_posets.DistributiveLattices,DistributiveLattices,lattice_posets,564,src/sage/categories/lattice_posets.py:564,https://github.com/sagemath/sage/blob/686dc1a8d420c2e0aabadd4f602d9a0aa4690c50/src/sage/categories/lattice_posets.py#L564,CategoryWithAxiom,public named category class,Python class,LatticePosets.Trim + axiom ChainGraded,ChainGraded,Trim; ChainGraded,,,Finite,,,The public shorthand LatticePosets().Distributive() expands to Trim then ChainGraded; the implementation class is bound at LatticePosets.Trim.ChainGraded.
distributive_magmas_and_additive_magmas.DistributiveMagmasAndAdditiveMagmas,DistributiveMagmasAndAdditiveMagmas,distributive_magmas_and_additive_magmas,16,src/sage/categories/distributive_magmas_and_additive_magmas.py:16,https://github.com/sagemath/sage/blob/686dc1a8d420c2e0aabadd4f602d9a0aa4690c50/src/sage/categories/distributive_magmas_and_additive_magmas.py#L16,CategoryWithAxiom,public named category class,Python class,MagmasAndAdditiveMagmas + axiom Distributive,Distributive,Distributive,,MagmasAndAdditiveMagmas.Distributive,AdditiveAssociative; AdditiveAssociative.AdditiveCommutative; AdditiveAssociative.AdditiveCommutative.AdditiveUnital; AdditiveAssociative.AdditiveCommutative.AdditiveUnital.Associative; AdditiveAssociative.AdditiveCommutative.AdditiveUnital.Associative.AdditiveInverse; AdditiveAssociative.AdditiveCommutative.AdditiveUnital.Associative.Unital,CartesianProducts,,
division_rings.DivisionRings,DivisionRings,division_rings,16,src/sage/categories/division_rings.py:16,https://github.com/sagemath/sage/blob/686dc1a8d420c2e0aabadd4f602d9a0aa4690c50/src/sage/categories/division_rings.py#L16,CategoryWithAxiom,public named category class,Python class,Rings + axiom Division,Division,Distributive; AdditiveAssociative; AdditiveCommutative; AdditiveUnital; Associative; AdditiveInverse; Unital; Division,,Rings.Division,Commutative,,,
domains.Domains,Domains,domains,17,src/sage/categories/domains.py:17,https://github.com/sagemath/sage/blob/686dc1a8d420c2e0aabadd4f602d9a0aa4690c50/src/sage/categories/domains.py#L17,CategoryWithAxiom,public named category class,Python class,Rings + axiom NoZeroDivisors,NoZeroDivisors,Distributive; AdditiveAssociative; AdditiveCommutative; AdditiveUnital; Associative; AdditiveInverse; Unital; NoZeroDivisors,,Rings.NoZeroDivisors,Commutative,,,
drinfeld_modules.DrinfeldModules,DrinfeldModules,drinfeld_modules,35,src/sage/categories/drinfeld_modules.py:35,https://github.com/sagemath/sage/blob/686dc1a8d420c2e0aabadd4f602d9a0aa4690c50/src/sage/categories/drinfeld_modules.py#L35,Category_over_base_ring,public named category class,Python class,,,,,,,Homsets,Endsets,
enumerated_sets.EnumeratedSets,EnumeratedSets,enumerated_sets,21,src/sage/categories/enumerated_sets.py:21,https://github.com/sagemath/sage/blob/686dc1a8d420c2e0aabadd4f602d9a0aa4690c50/src/sage/categories/enumerated_sets.py#L21,CategoryWithAxiom,public named category class,Python class,Sets + axiom Enumerated,Enumerated,Enumerated,,Sets.Enumerated,Finite; Infinite,CartesianProducts,,
euclidean_domains.EuclideanDomains,EuclideanDomains,euclidean_domains,26,src/sage/categories/euclidean_domains.py:26,https://github.com/sagemath/sage/blob/686dc1a8d420c2e0aabadd4f602d9a0aa4690c50/src/sage/categories/euclidean_domains.py#L26,Category_singleton,public named category class,Python class,,,,,,,,,
facade_sets.FacadeSets,FacadeSets,facade_sets,16,src/sage/categories/facade_sets.py:16,https://github.com/sagemath/sage/blob/686dc1a8d420c2e0aabadd4f602d9a0aa4690c50/src/sage/categories/facade_sets.py#L16,CategoryWithAxiom,public named category class,Python class,Sets + axiom Facade,Facade,Facade,,,,,,"The base/axiom relation is inferred by Sage's documented category-name heuristic. Listed under Technical Categories in Sage's reference index, but callable as Sets().Facade()."
fields.Fields,Fields,fields,26,src/sage/categories/fields.py:26,https://github.com/sagemath/sage/blob/686dc1a8d420c2e0aabadd4f602d9a0aa4690c50/src/sage/categories/fields.py#L26,CategoryWithAxiom,public named category class,Python class,DivisionRings + axiom Commutative,Commutative,Distributive; AdditiveAssociative; AdditiveCommutative; AdditiveUnital; Associative; AdditiveInverse; Unital; Division; Commutative,,DivisionRings.Commutative,Finite,,,
filtered_algebras.FilteredAlgebras,FilteredAlgebras,filtered_algebras,15,src/sage/categories/filtered_algebras.py:15,https://github.com/sagemath/sage/blob/686dc1a8d420c2e0aabadd4f602d9a0aa4690c50/src/sage/categories/filtered_algebras.py#L15,FilteredModulesCategory,public named category class,Python class,Algebras.Filtered(),,,Filtered,Algebras.Filtered,,,,
filtered_algebras_with_basis.FilteredAlgebrasWithBasis,FilteredAlgebrasWithBasis,filtered_algebras_with_basis,22,src/sage/categories/filtered_algebras_with_basis.py:22,https://github.com/sagemath/sage/blob/686dc1a8d420c2e0aabadd4f602d9a0aa4690c50/src/sage/categories/filtered_algebras_with_basis.py#L22,FilteredModulesCategory,public named category class,Python class,AlgebrasWithBasis.Filtered(),,,Filtered,AlgebrasWithBasis.Filtered,,,,
filtered_hopf_algebras_with_basis.FilteredHopfAlgebrasWithBasis,FilteredHopfAlgebrasWithBasis,filtered_hopf_algebras_with_basis,18,src/sage/categories/filtered_hopf_algebras_with_basis.py:18,https://github.com/sagemath/sage/blob/686dc1a8d420c2e0aabadd4f602d9a0aa4690c50/src/sage/categories/filtered_hopf_algebras_with_basis.py#L18,FilteredModulesCategory,public named category class,Python class,HopfAlgebrasWithBasis.Filtered(),,,Filtered,HopfAlgebrasWithBasis.Filtered,Connected,WithRealizations,,
filtered_modules.FilteredModules,FilteredModules,filtered_modules,118,src/sage/categories/filtered_modules.py:118,https://github.com/sagemath/sage/blob/686dc1a8d420c2e0aabadd4f602d9a0aa4690c50/src/sage/categories/filtered_modules.py#L118,FilteredModulesCategory,public named category class,Python class,Modules.Filtered(),,,Filtered,Modules.Filtered,Connected,,,
filtered_modules_with_basis.FilteredModulesWithBasis,FilteredModulesWithBasis,filtered_modules_with_basis,38,src/sage/categories/filtered_modules_with_basis.py:38,https://github.com/sagemath/sage/blob/686dc1a8d420c2e0aabadd4f602d9a0aa4690c50/src/sage/categories/filtered_modules_with_basis.py#L38,FilteredModulesCategory,public named category class,Python class,ModulesWithBasis.Filtered(),,,Filtered,ModulesWithBasis.Filtered,FiniteDimensional,Subobjects,,
finite_complex_reflection_groups.FiniteComplexReflectionGroups,FiniteComplexReflectionGroups,finite_complex_reflection_groups,22,src/sage/categories/finite_complex_reflection_groups.py:22,https://github.com/sagemath/sage/blob/686dc1a8d420c2e0aabadd4f602d9a0aa4690c50/src/sage/categories/finite_complex_reflection_groups.py#L22,CategoryWithAxiom,public named category class,Python class,ComplexReflectionGroups + axiom Finite,Finite,Finite,,ComplexReflectionGroups.Finite,Irreducible; WellGenerated; WellGenerated.Irreducible,,,
finite_coxeter_groups.FiniteCoxeterGroups,FiniteCoxeterGroups,finite_coxeter_groups,22,src/sage/categories/finite_coxeter_groups.py:22,https://github.com/sagemath/sage/blob/686dc1a8d420c2e0aabadd4f602d9a0aa4690c50/src/sage/categories/finite_coxeter_groups.py#L22,CategoryWithAxiom,public named category class,Python class,CoxeterGroups + axiom Finite,Finite,Finite,,CoxeterGroups.Finite,,,,
finite_crystals.FiniteCrystals,FiniteCrystals,finite_crystals,18,src/sage/categories/finite_crystals.py:18,https://github.com/sagemath/sage/blob/686dc1a8d420c2e0aabadd4f602d9a0aa4690c50/src/sage/categories/finite_crystals.py#L18,CategoryWithAxiom,public named category class,Python class,Crystals + axiom Finite,Finite,Finite,,Crystals.Finite,,TensorProducts,,
finite_dimensional_algebras_with_basis.FiniteDimensionalAlgebrasWithBasis,FiniteDimensionalAlgebrasWithBasis,finite_dimensional_algebras_with_basis,36,src/sage/categories/finite_dimensional_algebras_with_basis.py:36,https://github.com/sagemath/sage/blob/686dc1a8d420c2e0aabadd4f602d9a0aa4690c50/src/sage/categories/finite_dimensional_algebras_with_basis.py#L36,CategoryWithAxiom_over_base_ring,public named category class,Python class,AlgebrasWithBasis + axiom FiniteDimensional,FiniteDimensional,Associative; Unital; WithBasis; FiniteDimensional,,AlgebrasWithBasis.FiniteDimensional,Cellular,Cellular.TensorProducts,,
finite_dimensional_graded_lie_algebras_with_basis.FiniteDimensionalGradedLieAlgebrasWithBasis,FiniteDimensionalGradedLieAlgebrasWithBasis,finite_dimensional_graded_lie_algebras_with_basis,23,src/sage/categories/finite_dimensional_graded_lie_algebras_with_basis.py:23,https://github.com/sagemath/sage/blob/686dc1a8d420c2e0aabadd4f602d9a0aa4690c50/src/sage/categories/finite_dimensional_graded_lie_algebras_with_basis.py#L23,CategoryWithAxiom_over_base_ring,public named category class,Python class,GradedLieAlgebrasWithBasis + axiom FiniteDimensional,FiniteDimensional,FiniteDimensional,,GradedLieAlgebrasWithBasis.FiniteDimensional,Stratified,,,
finite_dimensional_hopf_algebras_with_basis.FiniteDimensionalHopfAlgebrasWithBasis,FiniteDimensionalHopfAlgebrasWithBasis,finite_dimensional_hopf_algebras_with_basis,15,src/sage/categories/finite_dimensional_hopf_algebras_with_basis.py:15,https://github.com/sagemath/sage/blob/686dc1a8d420c2e0aabadd4f602d9a0aa4690c50/src/sage/categories/finite_dimensional_hopf_algebras_with_basis.py#L15,CategoryWithAxiom_over_base_ring,public named category class,Python class,HopfAlgebrasWithBasis + axiom FiniteDimensional,FiniteDimensional,WithBasis; FiniteDimensional,,HopfAlgebrasWithBasis.FiniteDimensional,,,,
finite_dimensional_lie_algebras_with_basis.FiniteDimensionalLieAlgebrasWithBasis,FiniteDimensionalLieAlgebrasWithBasis,finite_dimensional_lie_algebras_with_basis,55,src/sage/categories/finite_dimensional_lie_algebras_with_basis.py:55,https://github.com/sagemath/sage/blob/686dc1a8d420c2e0aabadd4f602d9a0aa4690c50/src/sage/categories/finite_dimensional_lie_algebras_with_basis.py#L55,CategoryWithAxiom_over_base_ring,public named category class,Python class,LieAlgebras.FiniteDimensional + axiom WithBasis,WithBasis,FiniteDimensional; WithBasis,,LieAlgebras.FiniteDimensional.WithBasis,Nilpotent,Subobjects,,
finite_dimensional_modules_with_basis.FiniteDimensionalModulesWithBasis,FiniteDimensionalModulesWithBasis,finite_dimensional_modules_with_basis,21,src/sage/categories/finite_dimensional_modules_with_basis.py:21,https://github.com/sagemath/sage/blob/686dc1a8d420c2e0aabadd4f602d9a0aa4690c50/src/sage/categories/finite_dimensional_modules_with_basis.py#L21,CategoryWithAxiom_over_base_ring,public named category class,Python class,ModulesWithBasis + axiom FiniteDimensional,FiniteDimensional,WithBasis; FiniteDimensional,,ModulesWithBasis.FiniteDimensional,Homsets.Endset,Homsets; TensorProducts,,
finite_dimensional_nilpotent_lie_algebras_with_basis.FiniteDimensionalNilpotentLieAlgebrasWithBasis,FiniteDimensionalNilpotentLieAlgebrasWithBasis,finite_dimensional_nilpotent_lie_algebras_with_basis,24,src/sage/categories/finite_dimensional_nilpotent_lie_algebras_with_basis.py:24,https://github.com/sagemath/sage/blob/686dc1a8d420c2e0aabadd4f602d9a0aa4690c50/src/sage/categories/finite_dimensional_nilpotent_lie_algebras_with_basis.py#L24,CategoryWithAxiom_over_base_ring,public named category class,Python class,LieAlgebras.FiniteDimensional.WithBasis + axiom Nilpotent,Nilpotent,FiniteDimensional; WithBasis; Nilpotent,,FiniteDimensionalLieAlgebrasWithBasis.Nilpotent,,,,
finite_dimensional_semisimple_algebras_with_basis.FiniteDimensionalSemisimpleAlgebrasWithBasis,FiniteDimensionalSemisimpleAlgebrasWithBasis,finite_dimensional_semisimple_algebras_with_basis,18,src/sage/categories/finite_dimensional_semisimple_algebras_with_basis.py:18,https://github.com/sagemath/sage/blob/686dc1a8d420c2e0aabadd4f602d9a0aa4690c50/src/sage/categories/finite_dimensional_semisimple_algebras_with_basis.py#L18,CategoryWithAxiom_over_base_ring,public named category class,Python class,SemisimpleAlgebras.FiniteDimensional + axiom WithBasis,WithBasis,FiniteDimensional; WithBasis,,SemisimpleAlgebras.FiniteDimensional.WithBasis,Commutative,,,
finite_enumerated_sets.FiniteEnumeratedSets,FiniteEnumeratedSets,finite_enumerated_sets,22,src/sage/categories/finite_enumerated_sets.py:22,https://github.com/sagemath/sage/blob/686dc1a8d420c2e0aabadd4f602d9a0aa4690c50/src/sage/categories/finite_enumerated_sets.py#L22,CategoryWithAxiom,public named category class,Python class,EnumeratedSets + axiom Finite,Finite,Enumerated; Finite,,EnumeratedSets.Finite,,CartesianProducts; IsomorphicObjects,,
finite_fields.FiniteFields,FiniteFields,finite_fields,21,src/sage/categories/finite_fields.py:21,https://github.com/sagemath/sage/blob/686dc1a8d420c2e0aabadd4f602d9a0aa4690c50/src/sage/categories/finite_fields.py#L21,CategoryWithAxiom,public named category class,Python class,Fields + axiom Finite,Finite,Distributive; AdditiveAssociative; AdditiveCommutative; AdditiveUnital; Associative; AdditiveInverse; Unital; Division; Commutative; Finite,,Fields.Finite,,,,
finite_groups.FiniteGroups,FiniteGroups,finite_groups,16,src/sage/categories/finite_groups.py:16,https://github.com/sagemath/sage/blob/686dc1a8d420c2e0aabadd4f602d9a0aa4690c50/src/sage/categories/finite_groups.py#L16,CategoryWithAxiom,public named category class,Python class,Groups + axiom Finite,Finite,Associative; Unital; Inverse; Finite,,Groups.Finite,,Algebras,,
finite_lattice_posets.FiniteLatticePosets,FiniteLatticePosets,finite_lattice_posets,16,src/sage/categories/finite_lattice_posets.py:16,https://github.com/sagemath/sage/blob/686dc1a8d420c2e0aabadd4f602d9a0aa4690c50/src/sage/categories/finite_lattice_posets.py#L16,CategoryWithAxiom,public named category class,Python class,LatticePosets + axiom Finite,Finite,Finite,,LatticePosets.Finite,,,,
finitely_generated_lambda_bracket_algebras.FinitelyGeneratedLambdaBracketAlgebras,FinitelyGeneratedLambdaBracketAlgebras,finitely_generated_lambda_bracket_algebras,24,src/sage/categories/finitely_generated_lambda_bracket_algebras.py:24,https://github.com/sagemath/sage/blob/686dc1a8d420c2e0aabadd4f602d9a0aa4690c50/src/sage/categories/finitely_generated_lambda_bracket_algebras.py#L24,CategoryWithAxiom_over_base_ring,public named category class,Python class,LambdaBracketAlgebras + axiom FinitelyGeneratedAsLambdaBracketAlgebra,FinitelyGeneratedAsLambdaBracketAlgebra,FinitelyGeneratedAsLambdaBracketAlgebra,,LambdaBracketAlgebras.FinitelyGeneratedAsLambdaBracketAlgebra,,Graded,,
finitely_generated_lie_conformal_algebras.FinitelyGeneratedLieConformalAlgebras,FinitelyGeneratedLieConformalAlgebras,finitely_generated_lie_conformal_algebras,25,src/sage/categories/finitely_generated_lie_conformal_algebras.py:25,https://github.com/sagemath/sage/blob/686dc1a8d420c2e0aabadd4f602d9a0aa4690c50/src/sage/categories/finitely_generated_lie_conformal_algebras.py#L25,CategoryWithAxiom_over_base_ring,public named category class,Python class,LieConformalAlgebras + axiom FinitelyGeneratedAsLambdaBracketAlgebra,FinitelyGeneratedAsLambdaBracketAlgebra,FinitelyGeneratedAsLambdaBracketAlgebra,,LieConformalAlgebras.FinitelyGeneratedAsLambdaBracketAlgebra,,Graded; Super; Super.Graded,,
finitely_generated_magmas.FinitelyGeneratedMagmas,FinitelyGeneratedMagmas,finitely_generated_magmas,16,src/sage/categories/finitely_generated_magmas.py:16,https://github.com/sagemath/sage/blob/686dc1a8d420c2e0aabadd4f602d9a0aa4690c50/src/sage/categories/finitely_generated_magmas.py#L16,CategoryWithAxiom,public named category class,Python class,Magmas + axiom FinitelyGeneratedAsMagma,FinitelyGeneratedAsMagma,FinitelyGeneratedAsMagma,,Magmas.FinitelyGeneratedAsMagma,,,,
finitely_generated_semigroups.FinitelyGeneratedSemigroups,FinitelyGeneratedSemigroups,finitely_generated_semigroups,19,src/sage/categories/finitely_generated_semigroups.py:19,https://github.com/sagemath/sage/blob/686dc1a8d420c2e0aabadd4f602d9a0aa4690c50/src/sage/categories/finitely_generated_semigroups.py#L19,CategoryWithAxiom,public named category class,Python class,Semigroups + axiom FinitelyGeneratedAsMagma,FinitelyGeneratedAsMagma,Associative; FinitelyGeneratedAsMagma,,Semigroups.FinitelyGeneratedAsMagma,Finite,,,
finite_monoids.FiniteMonoids,FiniteMonoids,finite_monoids,14,src/sage/categories/finite_monoids.py:14,https://github.com/sagemath/sage/blob/686dc1a8d420c2e0aabadd4f602d9a0aa4690c50/src/sage/categories/finite_monoids.py#L14,CategoryWithAxiom,public named category class,Python class,Monoids + axiom Finite,Finite,Associative; Unital; Finite,,Monoids.Finite,,,,
finite_permutation_groups.FinitePermutationGroups,FinitePermutationGroups,finite_permutation_groups,18,src/sage/categories/finite_permutation_groups.py:18,https://github.com/sagemath/sage/blob/686dc1a8d420c2e0aabadd4f602d9a0aa4690c50/src/sage/categories/finite_permutation_groups.py#L18,CategoryWithAxiom,public named category class,Python class,PermutationGroups + axiom Finite,Finite,Finite,,PermutationGroups.Finite,,,,
finite_posets.FinitePosets,FinitePosets,finite_posets,24,src/sage/categories/finite_posets.py:24,https://github.com/sagemath/sage/blob/686dc1a8d420c2e0aabadd4f602d9a0aa4690c50/src/sage/categories/finite_posets.py#L24,CategoryWithAxiom,public named category class,Python class,Posets + axiom Finite,Finite,Finite,,Posets.Finite,,,,
finite_semigroups.FiniteSemigroups,FiniteSemigroups,finite_semigroups,18,src/sage/categories/finite_semigroups.py:18,https://github.com/sagemath/sage/blob/686dc1a8d420c2e0aabadd4f602d9a0aa4690c50/src/sage/categories/finite_semigroups.py#L18,CategoryWithAxiom,public named category class,Python class,Semigroups + axiom Finite,Finite,Associative; Finite,,Semigroups.Finite,,,,
finite_sets.FiniteSets,FiniteSets,finite_sets,16,src/sage/categories/finite_sets.py:16,https://github.com/sagemath/sage/blob/686dc1a8d420c2e0aabadd4f602d9a0aa4690c50/src/sage/categories/finite_sets.py#L16,CategoryWithAxiom,public named category class,Python class,Sets + axiom Finite,Finite,Finite,,Sets.Finite,Infinite,Algebras; Subquotients,,
finite_weyl_groups.FiniteWeylGroups,FiniteWeylGroups,finite_weyl_groups,14,src/sage/categories/finite_weyl_groups.py:14,https://github.com/sagemath/sage/blob/686dc1a8d420c2e0aabadd4f602d9a0aa4690c50/src/sage/categories/finite_weyl_groups.py#L14,CategoryWithAxiom,public named category class,Python class,WeylGroups + axiom Finite,Finite,Finite,,WeylGroups.Finite,,,,
function_fields.FunctionFields,FunctionFields,function_fields,19,src/sage/categories/function_fields.py:19,https://github.com/sagemath/sage/blob/686dc1a8d420c2e0aabadd4f602d9a0aa4690c50/src/sage/categories/function_fields.py#L19,Category,public named category class,Python class,,,,,,,,,
gcd_domains.GcdDomains,GcdDomains,gcd_domains,15,src/sage/categories/gcd_domains.py:15,https://github.com/sagemath/sage/blob/686dc1a8d420c2e0aabadd4f602d9a0aa4690c50/src/sage/categories/gcd_domains.py#L15,Category_singleton,public named category class,Python class,,,,,,,,,
generalized_coxeter_groups.GeneralizedCoxeterGroups,GeneralizedCoxeterGroups,generalized_coxeter_groups,20,src/sage/categories/generalized_coxeter_groups.py:20,https://github.com/sagemath/sage/blob/686dc1a8d420c2e0aabadd4f602d9a0aa4690c50/src/sage/categories/generalized_coxeter_groups.py#L20,Category_singleton,public named category class,Python class,,,,,,Finite,,,
graded_algebras.GradedAlgebras,GradedAlgebras,graded_algebras,17,src/sage/categories/graded_algebras.py:17,https://github.com/sagemath/sage/blob/686dc1a8d420c2e0aabadd4f602d9a0aa4690c50/src/sage/categories/graded_algebras.py#L17,GradedModulesCategory,public named category class,Python class,Algebras.Graded(),,,Graded,Algebras.Graded,,SignedTensorProducts,,
graded_algebras_with_basis.GradedAlgebrasWithBasis,GradedAlgebrasWithBasis,graded_algebras_with_basis,18,src/sage/categories/graded_algebras_with_basis.py:18,https://github.com/sagemath/sage/blob/686dc1a8d420c2e0aabadd4f602d9a0aa4690c50/src/sage/categories/graded_algebras_with_basis.py#L18,GradedModulesCategory,public named category class,Python class,AlgebrasWithBasis.Graded(),,,Graded,AlgebrasWithBasis.Graded,FiniteDimensional,SignedTensorProducts,,
graded_coalgebras.GradedCoalgebras,GradedCoalgebras,graded_coalgebras,17,src/sage/categories/graded_coalgebras.py:17,https://github.com/sagemath/sage/blob/686dc1a8d420c2e0aabadd4f602d9a0aa4690c50/src/sage/categories/graded_coalgebras.py#L17,GradedModulesCategory,public named category class,Python class,Coalgebras.Graded(),,,Graded,Coalgebras.Graded,,SignedTensorProducts,,
graded_coalgebras_with_basis.GradedCoalgebrasWithBasis,GradedCoalgebrasWithBasis,graded_coalgebras_with_basis,18,src/sage/categories/graded_coalgebras_with_basis.py:18,https://github.com/sagemath/sage/blob/686dc1a8d420c2e0aabadd4f602d9a0aa4690c50/src/sage/categories/graded_coalgebras_with_basis.py#L18,GradedModulesCategory,public named category class,Python class,CoalgebrasWithBasis.Graded(),,,Graded,CoalgebrasWithBasis.Graded,,SignedTensorProducts,,
graded_hopf_algebras_with_basis.GradedHopfAlgebrasWithBasis,GradedHopfAlgebrasWithBasis,graded_hopf_algebras_with_basis,18,src/sage/categories/graded_hopf_algebras_with_basis.py:18,https://github.com/sagemath/sage/blob/686dc1a8d420c2e0aabadd4f602d9a0aa4690c50/src/sage/categories/graded_hopf_algebras_with_basis.py#L18,GradedModulesCategory,public named category class,Python class,HopfAlgebrasWithBasis.Graded(),,,Graded,HopfAlgebrasWithBasis.Graded,Connected,WithRealizations,,
graded_lie_algebras.GradedLieAlgebras,GradedLieAlgebras,graded_lie_algebras,23,src/sage/categories/graded_lie_algebras.py:23,https://github.com/sagemath/sage/blob/686dc1a8d420c2e0aabadd4f602d9a0aa4690c50/src/sage/categories/graded_lie_algebras.py#L23,GradedModulesCategory,public named category class,Python class,LieAlgebras.Graded(),,,Graded,LieAlgebras.Graded,Stratified; Stratified.FiniteDimensional,,,
graded_lie_algebras_with_basis.GradedLieAlgebrasWithBasis,GradedLieAlgebrasWithBasis,graded_lie_algebras_with_basis,19,src/sage/categories/graded_lie_algebras_with_basis.py:19,https://github.com/sagemath/sage/blob/686dc1a8d420c2e0aabadd4f602d9a0aa4690c50/src/sage/categories/graded_lie_algebras_with_basis.py#L19,GradedModulesCategory,public named category class,Python class,LieAlgebrasWithBasis.Graded(),,,Graded,LieAlgebrasWithBasis.Graded,FiniteDimensional,,,
graded_lie_conformal_algebras.GradedLieConformalAlgebras,GradedLieConformalAlgebras,graded_lie_conformal_algebras,60,src/sage/categories/graded_lie_conformal_algebras.py:60,https://github.com/sagemath/sage/blob/686dc1a8d420c2e0aabadd4f602d9a0aa4690c50/src/sage/categories/graded_lie_conformal_algebras.py#L60,GradedLieConformalAlgebrasCategory,public named category class,Python class,LieConformalAlgebras.Graded(),,,Graded,LieConformalAlgebras.Graded,,,,
graded_modules.GradedModules,GradedModules,graded_modules,100,src/sage/categories/graded_modules.py:100,https://github.com/sagemath/sage/blob/686dc1a8d420c2e0aabadd4f602d9a0aa4690c50/src/sage/categories/graded_modules.py#L100,GradedModulesCategory,public named category class,Python class,Modules.Graded(),,,Graded,Modules.Graded,,,,
graded_modules_with_basis.GradedModulesWithBasis,GradedModulesWithBasis,graded_modules_with_basis,16,src/sage/categories/graded_modules_with_basis.py:16,https://github.com/sagemath/sage/blob/686dc1a8d420c2e0aabadd4f602d9a0aa4690c50/src/sage/categories/graded_modules_with_basis.py#L16,GradedModulesCategory,public named category class,Python class,ModulesWithBasis.Graded(),,,Graded,ModulesWithBasis.Graded,,Quotients,,
graphs.Graphs,Graphs,graphs,19,src/sage/categories/graphs.py:19,https://github.com/sagemath/sage/blob/686dc1a8d420c2e0aabadd4f602d9a0aa4690c50/src/sage/categories/graphs.py#L19,Category_singleton,public named category class,Python class,,,,,,Connected,,,
group_algebras.GroupAlgebras,GroupAlgebras,group_algebras,34,src/sage/categories/group_algebras.py:34,https://github.com/sagemath/sage/blob/686dc1a8d420c2e0aabadd4f602d9a0aa4690c50/src/sage/categories/group_algebras.py#L34,AlgebrasCategory,public named category class,Python class,Groups.Algebras(),,,Algebras,Groups.Algebras,,,,
groupoid.Groupoid,Groupoid,groupoid,18,src/sage/categories/groupoid.py:18,https://github.com/sagemath/sage/blob/686dc1a8d420c2e0aabadd4f602d9a0aa4690c50/src/sage/categories/groupoid.py#L18,CategoryWithParameters,public named category class,Python class,,,,,,,,,
groups.Groups,Groups,groups,23,src/sage/categories/groups.py:23,https://github.com/sagemath/sage/blob/686dc1a8d420c2e0aabadd4f602d9a0aa4690c50/src/sage/categories/groups.py#L23,CategoryWithAxiom,public named category class,Python class,Monoids + axiom Inverse,Inverse,Associative; Unital; Inverse,,Monoids.Inverse,Commutative; Finite,Algebras; CartesianProducts; Topological,Lie,
g_sets.GSets,GSets,g_sets,21,src/sage/categories/g_sets.py:21,https://github.com/sagemath/sage/blob/686dc1a8d420c2e0aabadd4f602d9a0aa4690c50/src/sage/categories/g_sets.py#L21,Category,public named category class,Python class,,,,,,,,,
hecke_modules.HeckeModules,HeckeModules,hecke_modules,18,src/sage/categories/hecke_modules.py:18,https://github.com/sagemath/sage/blob/686dc1a8d420c2e0aabadd4f602d9a0aa4690c50/src/sage/categories/hecke_modules.py#L18,Category_module,public named category class,Python class,,,,,,,Homsets,,
highest_weight_crystals.HighestWeightCrystals,HighestWeightCrystals,highest_weight_crystals,19,src/sage/categories/highest_weight_crystals.py:19,https://github.com/sagemath/sage/blob/686dc1a8d420c2e0aabadd4f602d9a0aa4690c50/src/sage/categories/highest_weight_crystals.py#L19,Category_singleton,public named category class,Python class,,,,,,,TensorProducts,,
homsets.Homsets,Homsets,homsets,236,src/sage/categories/homsets.py:236,https://github.com/sagemath/sage/blob/686dc1a8d420c2e0aabadd4f602d9a0aa4690c50/src/sage/categories/homsets.py#L236,Category_singleton,public named category class,Python class,,,,,,Endset,,,
hopf_algebras.HopfAlgebras,HopfAlgebras,hopf_algebras,21,src/sage/categories/hopf_algebras.py:21,https://github.com/sagemath/sage/blob/686dc1a8d420c2e0aabadd4f602d9a0aa4690c50/src/sage/categories/hopf_algebras.py#L21,Category_over_base_ring,public named category class,Python class,,,,,,WithBasis,Realizations; Super; TensorProducts,DualCategory; Morphism,
hopf_algebras_with_basis.HopfAlgebrasWithBasis,HopfAlgebrasWithBasis,hopf_algebras_with_basis,20,src/sage/categories/hopf_algebras_with_basis.py:20,https://github.com/sagemath/sage/blob/686dc1a8d420c2e0aabadd4f602d9a0aa4690c50/src/sage/categories/hopf_algebras_with_basis.py#L20,CategoryWithAxiom_over_base_ring,public named category class,Python class,HopfAlgebras + axiom WithBasis,WithBasis,WithBasis,,HopfAlgebras.WithBasis,FiniteDimensional,Filtered; Graded; Super; TensorProducts,,
h_trivial_semigroups.HTrivialSemigroups,HTrivialSemigroups,h_trivial_semigroups,18,src/sage/categories/h_trivial_semigroups.py:18,https://github.com/sagemath/sage/blob/686dc1a8d420c2e0aabadd4f602d9a0aa4690c50/src/sage/categories/h_trivial_semigroups.py#L18,CategoryWithAxiom,public named category class,Python class,Semigroups + axiom HTrivial,HTrivial,Associative; HTrivial,,Semigroups.HTrivial,,,,
infinite_enumerated_sets.InfiniteEnumeratedSets,InfiniteEnumeratedSets,infinite_enumerated_sets,19,src/sage/categories/infinite_enumerated_sets.py:19,https://github.com/sagemath/sage/blob/686dc1a8d420c2e0aabadd4f602d9a0aa4690c50/src/sage/categories/infinite_enumerated_sets.py#L19,CategoryWithAxiom,public named category class,Python class,EnumeratedSets + axiom Infinite,Infinite,Enumerated; Infinite,,EnumeratedSets.Infinite,,,,
integral_domains.IntegralDomains,IntegralDomains,integral_domains,41,src/sage/categories/integral_domains.py:41,https://github.com/sagemath/sage/blob/686dc1a8d420c2e0aabadd4f602d9a0aa4690c50/src/sage/categories/integral_domains.py#L41,CategoryWithAxiom,public named category class,Python class,Domains + axiom Commutative,Commutative,Distributive; AdditiveAssociative; AdditiveCommutative; AdditiveUnital; Associative; AdditiveInverse; Unital; NoZeroDivisors; Commutative,,Domains.Commutative,,,,
schemes.Jacobians,Jacobians,schemes,308,src/sage/categories/schemes.py:308,https://github.com/sagemath/sage/blob/686dc1a8d420c2e0aabadd4f602d9a0aa4690c50/src/sage/categories/schemes.py#L308,Schemes_over_base,public named category class,Python class,,,,,,,,,
j_trivial_semigroups.JTrivialSemigroups,JTrivialSemigroups,j_trivial_semigroups,18,src/sage/categories/j_trivial_semigroups.py:18,https://github.com/sagemath/sage/blob/686dc1a8d420c2e0aabadd4f602d9a0aa4690c50/src/sage/categories/j_trivial_semigroups.py#L18,CategoryWithAxiom,public named category class,Python class,Semigroups + axiom JTrivial,JTrivial,Associative; JTrivial,,Semigroups.JTrivial,,,,
kac_moody_algebras.KacMoodyAlgebras,KacMoodyAlgebras,kac_moody_algebras,23,src/sage/categories/kac_moody_algebras.py:23,https://github.com/sagemath/sage/blob/686dc1a8d420c2e0aabadd4f602d9a0aa4690c50/src/sage/categories/kac_moody_algebras.py#L23,Category_over_base_ring,public named category class,Python class,,,,,,,,,
kahler_algebras.KahlerAlgebras,KahlerAlgebras,kahler_algebras,24,src/sage/categories/kahler_algebras.py:24,https://github.com/sagemath/sage/blob/686dc1a8d420c2e0aabadd4f602d9a0aa4690c50/src/sage/categories/kahler_algebras.py#L24,Category_over_base_ring,public named category class,Python class,,,,,,,,,
loop_crystals.KirillovReshetikhinCrystals,KirillovReshetikhinCrystals,loop_crystals,170,src/sage/categories/loop_crystals.py:170,https://github.com/sagemath/sage/blob/686dc1a8d420c2e0aabadd4f602d9a0aa4690c50/src/sage/categories/loop_crystals.py#L170,Category_singleton,public named category class,Python class,,,,,,,TensorProducts,,
lambda_bracket_algebras.LambdaBracketAlgebras,LambdaBracketAlgebras,lambda_bracket_algebras,30,src/sage/categories/lambda_bracket_algebras.py:30,https://github.com/sagemath/sage/blob/686dc1a8d420c2e0aabadd4f602d9a0aa4690c50/src/sage/categories/lambda_bracket_algebras.py#L30,Category_over_base_ring,public named category class,Python class,,,,,,FinitelyGeneratedAsLambdaBracketAlgebra; WithBasis,,FinitelyGenerated,
lambda_bracket_algebras_with_basis.LambdaBracketAlgebrasWithBasis,LambdaBracketAlgebrasWithBasis,lambda_bracket_algebras_with_basis,23,src/sage/categories/lambda_bracket_algebras_with_basis.py:23,https://github.com/sagemath/sage/blob/686dc1a8d420c2e0aabadd4f602d9a0aa4690c50/src/sage/categories/lambda_bracket_algebras_with_basis.py#L23,CategoryWithAxiom_over_base_ring,public named category class,Python class,LambdaBracketAlgebras + axiom WithBasis,WithBasis,WithBasis,,LambdaBracketAlgebras.WithBasis,FinitelyGeneratedAsLambdaBracketAlgebra,FinitelyGeneratedAsLambdaBracketAlgebra.Graded,,
lattice_posets.LatticePosets,LatticePosets,lattice_posets,19,src/sage/categories/lattice_posets.py:19,https://github.com/sagemath/sage/blob/686dc1a8d420c2e0aabadd4f602d9a0aa4690c50/src/sage/categories/lattice_posets.py#L19,Category,public named category class,Python class,,,,,,ChainGraded; CongruenceUniform; Distributive; Extremal; Finite; Semidistributive; Stone; Trim; Trim.ChainGraded,,,
left_modules.LeftModules,LeftModules,left_modules,16,src/sage/categories/left_modules.py:16,https://github.com/sagemath/sage/blob/686dc1a8d420c2e0aabadd4f602d9a0aa4690c50/src/sage/categories/left_modules.py#L16,Category_over_base_ring,public named category class,Python class,,,,,,,,,
lie_algebras.LieAlgebras,LieAlgebras,lie_algebras,34,src/sage/categories/lie_algebras.py:34,https://github.com/sagemath/sage/blob/686dc1a8d420c2e0aabadd4f602d9a0aa4690c50/src/sage/categories/lie_algebras.py#L34,Category_over_base_ring,public named category class,Python class,,,,,,FiniteDimensional; Nilpotent; WithBasis; FiniteDimensional.WithBasis,Graded,,
lie_algebras_with_basis.LieAlgebrasWithBasis,LieAlgebrasWithBasis,lie_algebras_with_basis,25,src/sage/categories/lie_algebras_with_basis.py:25,https://github.com/sagemath/sage/blob/686dc1a8d420c2e0aabadd4f602d9a0aa4690c50/src/sage/categories/lie_algebras_with_basis.py#L25,CategoryWithAxiom_over_base_ring,public named category class,Python class,LieAlgebras + axiom WithBasis,WithBasis,WithBasis,,LieAlgebras.WithBasis,,Graded,,
lie_conformal_algebras.LieConformalAlgebras,LieConformalAlgebras,lie_conformal_algebras,133,src/sage/categories/lie_conformal_algebras.py:133,https://github.com/sagemath/sage/blob/686dc1a8d420c2e0aabadd4f602d9a0aa4690c50/src/sage/categories/lie_conformal_algebras.py#L133,Category_over_base_ring,public named category class,Python class,,,,,,FinitelyGeneratedAsLambdaBracketAlgebra; WithBasis,Graded; Super,,
lie_conformal_algebras_with_basis.LieConformalAlgebrasWithBasis,LieConformalAlgebrasWithBasis,lie_conformal_algebras_with_basis,25,src/sage/categories/lie_conformal_algebras_with_basis.py:25,https://github.com/sagemath/sage/blob/686dc1a8d420c2e0aabadd4f602d9a0aa4690c50/src/sage/categories/lie_conformal_algebras_with_basis.py#L25,CategoryWithAxiom_over_base_ring,public named category class,Python class,LieConformalAlgebras + axiom WithBasis,WithBasis,WithBasis,,LieConformalAlgebras.WithBasis,FinitelyGeneratedAsLambdaBracketAlgebra,Graded; Super; FinitelyGeneratedAsLambdaBracketAlgebra.Graded; FinitelyGeneratedAsLambdaBracketAlgebra.Super; Super.Graded; FinitelyGeneratedAsLambdaBracketAlgebra.Super.Graded,,
lie_groups.LieGroups,LieGroups,lie_groups,18,src/sage/categories/lie_groups.py:18,https://github.com/sagemath/sage/blob/686dc1a8d420c2e0aabadd4f602d9a0aa4690c50/src/sage/categories/lie_groups.py#L18,Category_over_base_ring,public named category class,Python class,bound from Groups,,,,Groups.Lie,,,,
loop_crystals.LoopCrystals,LoopCrystals,loop_crystals,25,src/sage/categories/loop_crystals.py:25,https://github.com/sagemath/sage/blob/686dc1a8d420c2e0aabadd4f602d9a0aa4690c50/src/sage/categories/loop_crystals.py#L25,Category_singleton,public named category class,Python class,,,,,,,,,
l_trivial_semigroups.LTrivialSemigroups,LTrivialSemigroups,l_trivial_semigroups,19,src/sage/categories/l_trivial_semigroups.py:19,https://github.com/sagemath/sage/blob/686dc1a8d420c2e0aabadd4f602d9a0aa4690c50/src/sage/categories/l_trivial_semigroups.py#L19,CategoryWithAxiom,public named category class,Python class,Semigroups + axiom LTrivial,LTrivial,Associative; LTrivial,,Semigroups.LTrivial,,,,
magmas.Magmas,Magmas,magmas,25,src/sage/categories/magmas.py:25,https://github.com/sagemath/sage/blob/686dc1a8d420c2e0aabadd4f602d9a0aa4690c50/src/sage/categories/magmas.py#L25,Category_singleton,public named category class,Python class,,,,,,Associative; Commutative; Distributive; FinitelyGeneratedAsMagma; JTrivial; Unital; Unital.Inverse,Algebras; CartesianProducts; Realizations; Subquotients; Commutative.Algebras; Commutative.CartesianProducts; Unital.Algebras; Unital.CartesianProducts; Unital.Realizations; Unital.Inverse.CartesianProducts,FinitelyGenerated,
magmas_and_additive_magmas.MagmasAndAdditiveMagmas,MagmasAndAdditiveMagmas,magmas_and_additive_magmas,19,src/sage/categories/magmas_and_additive_magmas.py:19,https://github.com/sagemath/sage/blob/686dc1a8d420c2e0aabadd4f602d9a0aa4690c50/src/sage/categories/magmas_and_additive_magmas.py#L19,Category_singleton,public named category class,Python class,,,,,,Distributive,CartesianProducts,,
magmatic_algebras.MagmaticAlgebras,MagmaticAlgebras,magmatic_algebras,23,src/sage/categories/magmatic_algebras.py:23,https://github.com/sagemath/sage/blob/686dc1a8d420c2e0aabadd4f602d9a0aa4690c50/src/sage/categories/magmatic_algebras.py#L23,Category_over_base_ring,public named category class,Python class,,,,,,Associative; Unital; WithBasis; WithBasis.FiniteDimensional,,,
manifolds.Manifolds,Manifolds,manifolds,19,src/sage/categories/manifolds.py:19,https://github.com/sagemath/sage/blob/686dc1a8d420c2e0aabadd4f602d9a0aa4690c50/src/sage/categories/manifolds.py#L19,Category_over_base_ring,public named category class,Python class,,,,,,AlmostComplex; Analytic; Connected; Differentiable; FiniteDimensional; Smooth,,Complex,
matrix_algebras.MatrixAlgebras,MatrixAlgebras,matrix_algebras,17,src/sage/categories/matrix_algebras.py:17,https://github.com/sagemath/sage/blob/686dc1a8d420c2e0aabadd4f602d9a0aa4690c50/src/sage/categories/matrix_algebras.py#L17,Category_over_base_ring,public named category class,Python class,,,,,,,,,
metric_spaces.MetricSpaces,MetricSpaces,metric_spaces,76,src/sage/categories/metric_spaces.py:76,https://github.com/sagemath/sage/blob/686dc1a8d420c2e0aabadd4f602d9a0aa4690c50/src/sage/categories/metric_spaces.py#L76,MetricSpacesCategory,public named category class,Python class,Sets.Metric(),,,Metric,Sets.Metric,Complete,CartesianProducts; Homsets; WithRealizations; Complete.CartesianProducts,,
modular_abelian_varieties.ModularAbelianVarieties,ModularAbelianVarieties,modular_abelian_varieties,20,src/sage/categories/modular_abelian_varieties.py:20,https://github.com/sagemath/sage/blob/686dc1a8d420c2e0aabadd4f602d9a0aa4690c50/src/sage/categories/modular_abelian_varieties.py#L20,Category_over_base,public named category class,Python class,,,,,,Homsets.Endset,Homsets,,
modules.Modules,Modules,modules,33,src/sage/categories/modules.py:33,https://github.com/sagemath/sage/blob/686dc1a8d420c2e0aabadd4f602d9a0aa4690c50/src/sage/categories/modules.py#L33,Category_module,public named category class,Python class,,,,,,FiniteDimensional; FinitelyPresented; WithBasis; Homsets.Endset,CartesianProducts; dual; DualObjects; Filtered; Graded; Homsets; Super; TensorProducts; FiniteDimensional.TensorProducts,,
modules_with_basis.ModulesWithBasis,ModulesWithBasis,modules_with_basis,44,src/sage/categories/modules_with_basis.py:44,https://github.com/sagemath/sage/blob/686dc1a8d420c2e0aabadd4f602d9a0aa4690c50/src/sage/categories/modules_with_basis.py#L44,CategoryWithAxiom_over_base_ring,public named category class,Python class,Modules + axiom WithBasis,WithBasis,WithBasis,,Modules.WithBasis,FiniteDimensional,CartesianProducts; DualObjects; Filtered; Graded; Homsets; Super; TensorProducts,,
monoids.Monoids,Monoids,monoids,27,src/sage/categories/monoids.py:27,https://github.com/sagemath/sage/blob/686dc1a8d420c2e0aabadd4f602d9a0aa4690c50/src/sage/categories/monoids.py#L27,CategoryWithAxiom,public named category class,Python class,Semigroups + axiom Unital,Unital,Associative; Unital,,Semigroups.Unital,Commutative; Finite; Inverse,Algebras; CartesianProducts; Subquotients; WithRealizations,,
noetherian_rings.NoetherianRings,NoetherianRings,noetherian_rings,30,src/sage/categories/noetherian_rings.py:30,https://github.com/sagemath/sage/blob/686dc1a8d420c2e0aabadd4f602d9a0aa4690c50/src/sage/categories/noetherian_rings.py#L30,Category,public named category class,Python class,,,,,,,,,
number_fields.NumberFields,NumberFields,number_fields,18,src/sage/categories/number_fields.py:18,https://github.com/sagemath/sage/blob/686dc1a8d420c2e0aabadd4f602d9a0aa4690c50/src/sage/categories/number_fields.py#L18,Category_singleton,public named category class,Python class,,,,,,,,,
objects.Objects,Objects,objects,24,src/sage/categories/objects.py:24,https://github.com/sagemath/sage/blob/686dc1a8d420c2e0aabadd4f602d9a0aa4690c50/src/sage/categories/objects.py#L24,Category_singleton,public named category class,Python class,,,,,,,Homsets,Endsets,
ore_modules.OreModules,OreModules,ore_modules,26,src/sage/categories/ore_modules.py:26,https://github.com/sagemath/sage/blob/686dc1a8d420c2e0aabadd4f602d9a0aa4690c50/src/sage/categories/ore_modules.py#L26,Category_over_base_ring,public named category class,Python class,,,,,,,,,
partially_ordered_monoids.PartiallyOrderedMonoids,PartiallyOrderedMonoids,partially_ordered_monoids,15,src/sage/categories/partially_ordered_monoids.py:15,https://github.com/sagemath/sage/blob/686dc1a8d420c2e0aabadd4f602d9a0aa4690c50/src/sage/categories/partially_ordered_monoids.py#L15,Category_singleton,public named category class,Python class,,,,,,,,,
permutation_groups.PermutationGroups,PermutationGroups,permutation_groups,17,src/sage/categories/permutation_groups.py:17,https://github.com/sagemath/sage/blob/686dc1a8d420c2e0aabadd4f602d9a0aa4690c50/src/sage/categories/permutation_groups.py#L17,Category,public named category class,Python class,,,,,,Finite,,,
pointed_sets.PointedSets,PointedSets,pointed_sets,17,src/sage/categories/pointed_sets.py:17,https://github.com/sagemath/sage/blob/686dc1a8d420c2e0aabadd4f602d9a0aa4690c50/src/sage/categories/pointed_sets.py#L17,Category_singleton,public named category class,Python class,,,,,,,,,
polyhedra.PolyhedralSets,PolyhedralSets,polyhedra,15,src/sage/categories/polyhedra.py:15,https://github.com/sagemath/sage/blob/686dc1a8d420c2e0aabadd4f602d9a0aa4690c50/src/sage/categories/polyhedra.py#L15,Category_over_base_ring,public named category class,Python class,,,,,,,,,
posets.Posets,Posets,posets,19,src/sage/categories/posets.py:19,https://github.com/sagemath/sage/blob/686dc1a8d420c2e0aabadd4f602d9a0aa4690c50/src/sage/categories/posets.py#L19,Category,public named category class,Python class,,,,,,Bounded; Finite,,,
principal_ideal_domains.PrincipalIdealDomains,PrincipalIdealDomains,principal_ideal_domains,15,src/sage/categories/principal_ideal_domains.py:15,https://github.com/sagemath/sage/blob/686dc1a8d420c2e0aabadd4f602d9a0aa4690c50/src/sage/categories/principal_ideal_domains.py#L15,Category_singleton,public named category class,Python class,,,,,,,,,
quantum_group_representations.QuantumGroupRepresentations,QuantumGroupRepresentations,quantum_group_representations,28,src/sage/categories/quantum_group_representations.py:28,https://github.com/sagemath/sage/blob/686dc1a8d420c2e0aabadd4f602d9a0aa4690c50/src/sage/categories/quantum_group_representations.py#L28,Category_module,public named category class,Python class,,,,,,WithBasis,TensorProducts; WithBasis.TensorProducts,,
quotient_fields.QuotientFields,QuotientFields,quotient_fields,18,src/sage/categories/quotient_fields.py:18,https://github.com/sagemath/sage/blob/686dc1a8d420c2e0aabadd4f602d9a0aa4690c50/src/sage/categories/quotient_fields.py#L18,Category_singleton,public named category class,Python class,,,,,,,,,
regular_crystals.RegularCrystals,RegularCrystals,regular_crystals,27,src/sage/categories/regular_crystals.py:27,https://github.com/sagemath/sage/blob/686dc1a8d420c2e0aabadd4f602d9a0aa4690c50/src/sage/categories/regular_crystals.py#L27,Category_singleton,public named category class,Python class,,,,,,,TensorProducts,,
loop_crystals.RegularLoopCrystals,RegularLoopCrystals,loop_crystals,132,src/sage/categories/loop_crystals.py:132,https://github.com/sagemath/sage/blob/686dc1a8d420c2e0aabadd4f602d9a0aa4690c50/src/sage/categories/loop_crystals.py#L132,Category_singleton,public named category class,Python class,,,,,,,,,
regular_supercrystals.RegularSuperCrystals,RegularSuperCrystals,regular_supercrystals,24,src/sage/categories/regular_supercrystals.py:24,https://github.com/sagemath/sage/blob/686dc1a8d420c2e0aabadd4f602d9a0aa4690c50/src/sage/categories/regular_supercrystals.py#L24,Category_singleton,public named category class,Python class,,,,,,,TensorProducts,,
right_modules.RightModules,RightModules,right_modules,16,src/sage/categories/right_modules.py:16,https://github.com/sagemath/sage/blob/686dc1a8d420c2e0aabadd4f602d9a0aa4690c50/src/sage/categories/right_modules.py#L16,Category_over_base_ring,public named category class,Python class,,,,,,,,,
ring_ideals.RingIdeals,RingIdeals,ring_ideals,20,src/sage/categories/ring_ideals.py:20,https://github.com/sagemath/sage/blob/686dc1a8d420c2e0aabadd4f602d9a0aa4690c50/src/sage/categories/ring_ideals.py#L20,Category_ideal,public named category class,Python class,,,,,,,,,
rings.Rings,Rings,rings,24,src/sage/categories/rings.py:24,https://github.com/sagemath/sage/blob/686dc1a8d420c2e0aabadd4f602d9a0aa4690c50/src/sage/categories/rings.py#L24,CategoryWithAxiom,public named category class,Python class,Rngs + axiom Unital,Unital,Distributive; AdditiveAssociative; AdditiveCommutative; AdditiveUnital; Associative; AdditiveInverse; Unital,,Rngs.Unital,Commutative; Division; NoZeroDivisors,,,
rngs.Rngs,Rngs,rngs,18,src/sage/categories/rngs.py:18,https://github.com/sagemath/sage/blob/686dc1a8d420c2e0aabadd4f602d9a0aa4690c50/src/sage/categories/rngs.py#L18,CategoryWithAxiom,public named category class,Python class,MagmasAndAdditiveMagmas.Distributive.AdditiveAssociative.AdditiveCommutative.AdditiveUnital.Associative + axiom AdditiveInverse,AdditiveInverse,Distributive; AdditiveAssociative; AdditiveCommutative; AdditiveUnital; Associative; AdditiveInverse,,DistributiveMagmasAndAdditiveMagmas.AdditiveAssociative.AdditiveCommutative.AdditiveUnital.Associative.AdditiveInverse,Unital,,,
r_trivial_semigroups.RTrivialSemigroups,RTrivialSemigroups,r_trivial_semigroups,18,src/sage/categories/r_trivial_semigroups.py:18,https://github.com/sagemath/sage/blob/686dc1a8d420c2e0aabadd4f602d9a0aa4690c50/src/sage/categories/r_trivial_semigroups.py#L18,CategoryWithAxiom,public named category class,Python class,Semigroups + axiom RTrivial,RTrivial,Associative; RTrivial,,Semigroups.RTrivial,,,,
schemes.Schemes,Schemes,schemes,33,src/sage/categories/schemes.py:33,https://github.com/sagemath/sage/blob/686dc1a8d420c2e0aabadd4f602d9a0aa4690c50/src/sage/categories/schemes.py#L33,Category,public named category class,Python class,,,,,,,,,
semigroups.Semigroups,Semigroups,semigroups,30,src/sage/categories/semigroups.py:30,https://github.com/sagemath/sage/blob/686dc1a8d420c2e0aabadd4f602d9a0aa4690c50/src/sage/categories/semigroups.py#L30,CategoryWithAxiom,public named category class,Python class,Magmas + axiom Associative,Associative,Associative,,Magmas.Associative,Aperiodic; Finite; FinitelyGeneratedAsMagma; HTrivial; JTrivial; LTrivial; RTrivial; Unital,Algebras; CartesianProducts; Quotients; Subquotients,,
semirings.Semirings,Semirings,semirings,15,src/sage/categories/semirings.py:15,https://github.com/sagemath/sage/blob/686dc1a8d420c2e0aabadd4f602d9a0aa4690c50/src/sage/categories/semirings.py#L15,CategoryWithAxiom,public named category class,Python class,MagmasAndAdditiveMagmas.Distributive.AdditiveAssociative.AdditiveCommutative.AdditiveUnital.Associative + axiom Unital,Unital,Distributive; AdditiveAssociative; AdditiveCommutative; AdditiveUnital; Associative; Unital,,DistributiveMagmasAndAdditiveMagmas.AdditiveAssociative.AdditiveCommutative.AdditiveUnital.Associative.Unital,,,,
semisimple_algebras.SemisimpleAlgebras,SemisimpleAlgebras,semisimple_algebras,19,src/sage/categories/semisimple_algebras.py:19,https://github.com/sagemath/sage/blob/686dc1a8d420c2e0aabadd4f602d9a0aa4690c50/src/sage/categories/semisimple_algebras.py#L19,Category_over_base_ring,public named category class,Python class,bound from Algebras,,,,Algebras.Semisimple,FiniteDimensional; FiniteDimensional.WithBasis,,,
sets_cat.Sets,Sets,sets_cat,98,src/sage/categories/sets_cat.py:98,https://github.com/sagemath/sage/blob/686dc1a8d420c2e0aabadd4f602d9a0aa4690c50/src/sage/categories/sets_cat.py#L98,Category_singleton,public named category class,Python class,,,,,,Enumerated; Facade; Finite; Infinite; Infinite.Finite,Algebras; CartesianProducts; IsomorphicObjects; Metric; Quotients; Realizations; Subobjects; Subquotients; Topological; WithRealizations,,
sets_with_grading.SetsWithGrading,SetsWithGrading,sets_with_grading,18,src/sage/categories/sets_with_grading.py:18,https://github.com/sagemath/sage/blob/686dc1a8d420c2e0aabadd4f602d9a0aa4690c50/src/sage/categories/sets_with_grading.py#L18,Category,public named category class,Python class,,,,,,,,,
sets_with_partial_maps.SetsWithPartialMaps,SetsWithPartialMaps,sets_with_partial_maps,17,src/sage/categories/sets_with_partial_maps.py:17,https://github.com/sagemath/sage/blob/686dc1a8d420c2e0aabadd4f602d9a0aa4690c50/src/sage/categories/sets_with_partial_maps.py#L17,Category_singleton,public named category class,Python class,,,,,,,,,
shephard_groups.ShephardGroups,ShephardGroups,shephard_groups,19,src/sage/categories/shephard_groups.py:19,https://github.com/sagemath/sage/blob/686dc1a8d420c2e0aabadd4f602d9a0aa4690c50/src/sage/categories/shephard_groups.py#L19,Category_singleton,public named category class,Python class,,,,,,,,,
simplicial_complexes.SimplicialComplexes,SimplicialComplexes,simplicial_complexes,19,src/sage/categories/simplicial_complexes.py:19,https://github.com/sagemath/sage/blob/686dc1a8d420c2e0aabadd4f602d9a0aa4690c50/src/sage/categories/simplicial_complexes.py#L19,Category_singleton,public named category class,Python class,,,,,,Connected; Finite,,,
simplicial_sets.SimplicialSets,SimplicialSets,simplicial_sets,27,src/sage/categories/simplicial_sets.py:27,https://github.com/sagemath/sage/blob/686dc1a8d420c2e0aabadd4f602d9a0aa4690c50/src/sage/categories/simplicial_sets.py#L27,Category_singleton,public named category class,Python class,,,,,,Finite; Pointed; Homsets.Endset; Pointed.Finite,Homsets,,
super_algebras.SuperAlgebras,SuperAlgebras,super_algebras,18,src/sage/categories/super_algebras.py:18,https://github.com/sagemath/sage/blob/686dc1a8d420c2e0aabadd4f602d9a0aa4690c50/src/sage/categories/super_algebras.py#L18,SuperModulesCategory,public named category class,Python class,Algebras.Super(),,,Super,Algebras.Super,Supercommutative,SignedTensorProducts,,
super_algebras_with_basis.SuperAlgebrasWithBasis,SuperAlgebrasWithBasis,super_algebras_with_basis,16,src/sage/categories/super_algebras_with_basis.py:16,https://github.com/sagemath/sage/blob/686dc1a8d420c2e0aabadd4f602d9a0aa4690c50/src/sage/categories/super_algebras_with_basis.py#L16,SuperModulesCategory,public named category class,Python class,AlgebrasWithBasis.Super(),,,Super,AlgebrasWithBasis.Super,,SignedTensorProducts,,
supercommutative_algebras.SupercommutativeAlgebras,SupercommutativeAlgebras,supercommutative_algebras,17,src/sage/categories/supercommutative_algebras.py:17,https://github.com/sagemath/sage/blob/686dc1a8d420c2e0aabadd4f602d9a0aa4690c50/src/sage/categories/supercommutative_algebras.py#L17,CategoryWithAxiom_over_base_ring,public named category class,Python class,SuperAlgebras + axiom Supercommutative,Supercommutative,Supercommutative,,SuperAlgebras.Supercommutative,WithBasis,SignedTensorProducts,,
supercrystals.SuperCrystals,SuperCrystals,supercrystals,25,src/sage/categories/supercrystals.py:25,https://github.com/sagemath/sage/blob/686dc1a8d420c2e0aabadd4f602d9a0aa4690c50/src/sage/categories/supercrystals.py#L25,Category_singleton,public named category class,Python class,,,,,,Finite,TensorProducts,,
super_hopf_algebras_with_basis.SuperHopfAlgebrasWithBasis,SuperHopfAlgebrasWithBasis,super_hopf_algebras_with_basis,14,src/sage/categories/super_hopf_algebras_with_basis.py:14,https://github.com/sagemath/sage/blob/686dc1a8d420c2e0aabadd4f602d9a0aa4690c50/src/sage/categories/super_hopf_algebras_with_basis.py#L14,SuperModulesCategory,public named category class,Python class,HopfAlgebrasWithBasis.Super(),,,Super,HopfAlgebrasWithBasis.Super,,,,
super_lie_conformal_algebras.SuperLieConformalAlgebras,SuperLieConformalAlgebras,super_lie_conformal_algebras,25,src/sage/categories/super_lie_conformal_algebras.py:25,https://github.com/sagemath/sage/blob/686dc1a8d420c2e0aabadd4f602d9a0aa4690c50/src/sage/categories/super_lie_conformal_algebras.py#L25,SuperModulesCategory,public named category class,Python class,LieConformalAlgebras.Super(),,,Super,LieConformalAlgebras.Super,,Graded,,
super_modules.SuperModules,SuperModules,super_modules,86,src/sage/categories/super_modules.py:86,https://github.com/sagemath/sage/blob/686dc1a8d420c2e0aabadd4f602d9a0aa4690c50/src/sage/categories/super_modules.py#L86,SuperModulesCategory,public named category class,Python class,Modules.Super(),,,Super,Modules.Super,,,,
super_modules_with_basis.SuperModulesWithBasis,SuperModulesWithBasis,super_modules_with_basis,14,src/sage/categories/super_modules_with_basis.py:14,https://github.com/sagemath/sage/blob/686dc1a8d420c2e0aabadd4f602d9a0aa4690c50/src/sage/categories/super_modules_with_basis.py#L14,SuperModulesCategory,public named category class,Python class,ModulesWithBasis.Super(),,,Super,ModulesWithBasis.Super,,,,
topological_spaces.TopologicalSpaces,TopologicalSpaces,topological_spaces,32,src/sage/categories/topological_spaces.py:32,https://github.com/sagemath/sage/blob/686dc1a8d420c2e0aabadd4f602d9a0aa4690c50/src/sage/categories/topological_spaces.py#L32,TopologicalSpacesCategory,public named category class,Python class,Sets.Topological(),,,Topological,Sets.Topological,Compact; Connected,CartesianProducts; Compact.CartesianProducts; Connected.CartesianProducts,,
triangular_kac_moody_algebras.TriangularKacMoodyAlgebras,TriangularKacMoodyAlgebras,triangular_kac_moody_algebras,27,src/sage/categories/triangular_kac_moody_algebras.py:27,https://github.com/sagemath/sage/blob/686dc1a8d420c2e0aabadd4f602d9a0aa4690c50/src/sage/categories/triangular_kac_moody_algebras.py#L27,Category_over_base_ring,public named category class,Python class,,,,,,FiniteDimensional,,,
unique_factorization_domains.UniqueFactorizationDomains,UniqueFactorizationDomains,unique_factorization_domains,18,src/sage/categories/unique_factorization_domains.py:18,https://github.com/sagemath/sage/blob/686dc1a8d420c2e0aabadd4f602d9a0aa4690c50/src/sage/categories/unique_factorization_domains.py#L18,Category_singleton,public named category class,Python class,,,,,,,,,
unital_algebras.UnitalAlgebras,UnitalAlgebras,unital_algebras,24,src/sage/categories/unital_algebras.py:24,https://github.com/sagemath/sage/blob/686dc1a8d420c2e0aabadd4f602d9a0aa4690c50/src/sage/categories/unital_algebras.py#L24,CategoryWithAxiom_over_base_ring,public named category class,Python class,MagmaticAlgebras + axiom Unital,Unital,Unital,,MagmaticAlgebras.Unital,WithBasis,CartesianProducts,,
vector_bundles.VectorBundles,VectorBundles,vector_bundles,19,src/sage/categories/vector_bundles.py:19,https://github.com/sagemath/sage/blob/686dc1a8d420c2e0aabadd4f602d9a0aa4690c50/src/sage/categories/vector_bundles.py#L19,Category_over_base_ring,public named category class,Python class,,,,,,Differentiable; Smooth,,,
vector_spaces.VectorSpaces,VectorSpaces,vector_spaces,27,src/sage/categories/vector_spaces.py:27,https://github.com/sagemath/sage/blob/686dc1a8d420c2e0aabadd4f602d9a0aa4690c50/src/sage/categories/vector_spaces.py#L27,Category_module,public named category class,Python class,,,,,,FiniteDimensional; WithBasis; WithBasis.FiniteDimensional,CartesianProducts; DualObjects; Filtered; Graded; TensorProducts; FiniteDimensional.TensorProducts; WithBasis.CartesianProducts; WithBasis.Filtered; WithBasis.Graded; WithBasis.TensorProducts; WithBasis.FiniteDimensional.TensorProducts,,
weyl_groups.WeylGroups,WeylGroups,weyl_groups,18,src/sage/categories/weyl_groups.py:18,https://github.com/sagemath/sage/blob/686dc1a8d420c2e0aabadd4f602d9a0aa4690c50/src/sage/categories/weyl_groups.py#L18,Category_singleton,public named category class,Python class,,,,,,Finite,,,
category_with_axiom.Bars,Bars,category_with_axiom,2707,src/sage/categories/category_with_axiom.py:2707,https://github.com/sagemath/sage/blob/686dc1a8d420c2e0aabadd4f602d9a0aa4690c50/src/sage/categories/category_with_axiom.py#L2707,Category_singleton,test-only category class,Python class,,,,,,,,,
category_with_axiom.Blahs,Blahs,category_with_axiom,2600,src/sage/categories/category_with_axiom.py:2600,https://github.com/sagemath/sage/blob/686dc1a8d420c2e0aabadd4f602d9a0aa4690c50/src/sage/categories/category_with_axiom.py#L2600,Category_singleton,test-only category class,Python class,,,,,,Blue; Commutative; Connected; FiniteDimensional; Flying; Unital; Unital.Blue,,,
category_with_axiom.DummyObjectsOverBaseRing,DummyObjectsOverBaseRing,category_with_axiom,2793,src/sage/categories/category_with_axiom.py:2793,https://github.com/sagemath/sage/blob/686dc1a8d420c2e0aabadd4f602d9a0aa4690c50/src/sage/categories/category_with_axiom.py#L2793,Category_over_base_ring,test-only category class,Python class,,,,,,Commutative; FiniteDimensional; Unital; Commutative.Facade; Commutative.Finite; Commutative.FiniteDimensional; FiniteDimensional.Finite; FiniteDimensional.Unital; FiniteDimensional.Unital.Commutative,,,
category_with_axiom.TestObjects,TestObjects,category_with_axiom,2753,src/sage/categories/category_with_axiom.py:2753,https://github.com/sagemath/sage/blob/686dc1a8d420c2e0aabadd4f602d9a0aa4690c50/src/sage/categories/category_with_axiom.py#L2753,Category_singleton,test-only category class,Python class,,,,,,Commutative; FiniteDimensional; Unital; Commutative.Facade; Commutative.Finite; Commutative.FiniteDimensional; FiniteDimensional.Finite; FiniteDimensional.Unital; FiniteDimensional.Unital.Commutative,,,
